,loss,binary_accuracy,val_loss,val_binary_accuracy
0,0.6100524067878723,0.6545403003692627,0.5846555829048157,0.6704635620117188
1,0.5657219886779785,0.6927355527877808,0.5696523189544678,0.7112582921981812
2,0.5555179119110107,0.7080590128898621,0.5591982007026672,0.7038410305976868
3,0.5458762645721436,0.7217934131622314,0.548823356628418,0.7250331044197083
4,0.5362666845321655,0.7361521124839783,0.5385585427284241,0.7499337792396545
5,0.5268916487693787,0.752497136592865,0.5285843014717102,0.7607946991920471
6,0.5177592039108276,0.7642451524734497,0.5189087986946106,0.7695364356040955
7,0.5089058876037598,0.7697502970695496,0.5095608830451965,0.775894045829773
8,0.5003530979156494,0.7769579887390137,0.5005549192428589,0.7798675298690796
9,0.4921051859855652,0.783484697341919,0.4918915331363678,0.7835761308670044
10,0.48416388034820557,0.789387047290802,0.4835664629936218,0.7843708395957947
11,0.4765236973762512,0.7947219014167786,0.47557756304740906,0.7904635667800903
12,0.46917515993118286,0.7986379265785217,0.4679068922996521,0.7962914109230042
13,0.46211278438568115,0.8032917380332947,0.46055328845977783,0.8037086129188538
14,0.4553242623806,0.8068104386329651,0.4534924626350403,0.8087417483329773
15,0.44879698753356934,0.8103291988372803,0.4467158317565918,0.8174834251403809
16,0.4425223767757416,0.8148127198219299,0.440213143825531,0.8217218518257141
17,0.43648648262023926,0.8180477023124695,0.43396925926208496,0.8267549872398376
18,0.4306804835796356,0.8223041892051697,0.42797306180000305,0.8291390538215637
19,0.42509379982948303,0.8248013854026794,0.4222090244293213,0.8323178887367249
20,0.4197125732898712,0.8269012570381165,0.41666659712791443,0.8347020149230957
21,0.41453003883361816,0.8296254277229309,0.4113329350948334,0.8373509645462036
22,0.4095333516597748,0.8321793675422668,0.4062061309814453,0.8407946825027466
23,0.4047141671180725,0.834733247756958,0.4012647569179535,0.842648983001709
24,0.40006542205810547,0.8379114866256714,0.39650386571884155,0.8450331091880798
25,0.39557504653930664,0.8400681018829346,0.3919089734554291,0.8484768271446228
26,0.39123931527137756,0.8430760502815247,0.3874812126159668,0.8569536209106445
27,0.3870491087436676,0.8465947508811951,0.38320568203926086,0.8606622219085693
28,0.3829957842826843,0.8501135110855103,0.37907564640045166,0.863311231136322
29,0.3790739178657532,0.8544268012046814,0.37508270144462585,0.8670198917388916
30,0.37527701258659363,0.8584563136100769,0.37122195959091187,0.8707284927368164
31,0.37159842252731323,0.8619182705879211,0.36748969554901123,0.8725827932357788
32,0.36803388595581055,0.8651532530784607,0.3638790249824524,0.8744370937347412
33,0.3645757734775543,0.8676503896713257,0.36037492752075195,0.8768212199211121
34,0.3612208664417267,0.8700907826423645,0.35697758197784424,0.8776158690452576
35,0.3579656183719635,0.872417688369751,0.3536894619464874,0.8789404034614563
36,0.3548000752925873,0.8747445940971375,0.35049450397491455,0.8805298209190369
37,0.35172611474990845,0.876674234867096,0.34739646315574646,0.8813245296478271
38,0.348737508058548,0.8782633543014526,0.34438228607177734,0.8834437131881714
39,0.345827579498291,0.8795686960220337,0.3414563834667206,0.8837085962295532
40,0.34299811720848083,0.8808172345161438,0.33861199021339417,0.8839735388755798
41,0.34024277329444885,0.882236123085022,0.3358476161956787,0.8855628967285156
42,0.337557315826416,0.8836549520492554,0.3331521451473236,0.8884768486022949
43,0.33494171500205994,0.8851305246353149,0.3305286765098572,0.890860915184021
44,0.3323899805545807,0.8868898749351501,0.3279731869697571,0.89298015832901
45,0.3299002945423126,0.8886492848396301,0.32548198103904724,0.8945695161819458
46,0.32747095823287964,0.8899546265602112,0.32305383682250977,0.8966887593269348
47,0.3250991404056549,0.8923382759094238,0.3206848204135895,0.898807942867279
48,0.3227839767932892,0.8941543698310852,0.3183751404285431,0.9014569520950317
49,0.3205215036869049,0.8960840106010437,0.31611931324005127,0.903576135635376
50,0.3183099925518036,0.8979568481445312,0.3139140009880066,0.9059602618217468
51,0.31614547967910767,0.8997162580490112,0.3117600679397583,0.9072847962379456
52,0.3140309154987335,0.9020431041717529,0.30965736508369446,0.909139096736908
53,0.31196165084838867,0.903348445892334,0.3076012134552002,0.9096688628196716
54,0.3099347651004791,0.9044268131256104,0.3055894076824188,0.911523163318634
55,0.3079513907432556,0.9061294198036194,0.3036240041255951,0.9133774638175964
56,0.3060077130794525,0.9074915051460266,0.30169153213500977,0.9144371151924133
57,0.30410274863243103,0.9091373682022095,0.29981061816215515,0.9157615900039673
58,0.30223584175109863,0.9102156758308411,0.2979640066623688,0.9162914156913757
59,0.30040714144706726,0.911464273929596,0.2961515784263611,0.9176158905029297
60,0.2986127734184265,0.9124290347099304,0.29437923431396484,0.9178807735443115
61,0.29685384035110474,0.913110077381134,0.2926395535469055,0.91841059923172
62,0.2951267659664154,0.9135074019432068,0.2909370958805084,0.9200000166893005
63,0.2934303283691406,0.9139614105224609,0.289265900850296,0.9202648997306824
64,0.2917669117450714,0.9145857095718384,0.2876225411891937,0.9207947254180908
65,0.290133535861969,0.9154937863349915,0.28601834177970886,0.9213244915008545
66,0.28852933645248413,0.9159477949142456,0.28443408012390137,0.9218543171882629
67,0.2869509756565094,0.9164585471153259,0.28288525342941284,0.9221192002296448
68,0.2854005694389343,0.9171395897865295,0.28136447072029114,0.9223840832710266
69,0.28387728333473206,0.9179909229278564,0.27986472845077515,0.9223840832710266
70,0.2823813557624817,0.9183314442634583,0.27839165925979614,0.9226490259170532
71,0.28090810775756836,0.9187854528427124,0.2769506871700287,0.9223840832710266
72,0.2794591188430786,0.9190124869346619,0.2755340039730072,0.9226490259170532
73,0.2780326008796692,0.9198070168495178,0.27413511276245117,0.9229139089584351
74,0.27662938833236694,0.9200340509414673,0.2727559804916382,0.9226490259170532
75,0.27524980902671814,0.9203178286552429,0.27140989899635315,0.9239735007286072
76,0.27389177680015564,0.9208285808563232,0.27008405327796936,0.9245033264160156
77,0.2725544273853302,0.9210556149482727,0.2687707245349884,0.9252980351448059
78,0.2712356150150299,0.9213393926620483,0.2674872875213623,0.9255629181861877
79,0.2699393332004547,0.9219636917114258,0.2662182152271271,0.926357626914978
80,0.26865923404693604,0.9225311875343323,0.2649761736392975,0.9271523356437683
81,0.2674005329608917,0.9229852557182312,0.26374900341033936,0.927682101726532
82,0.2661595046520233,0.9233825206756592,0.26253196597099304,0.9282119274139404
83,0.2649359703063965,0.9238365292549133,0.2613412141799927,0.9284768104553223
84,0.26373031735420227,0.9241770505905151,0.26016631722450256,0.9282119274139404
85,0.2625420093536377,0.9246311187744141,0.2590087354183197,0.9284768104553223
86,0.26136842370033264,0.9249148964881897,0.2578698694705963,0.9287416934967041
87,0.2602100670337677,0.9255391359329224,0.2567422688007355,0.9284768104553223
88,0.25907182693481445,0.925822913646698,0.2556378245353699,0.9295364022254944
89,0.2579447329044342,0.9263904690742493,0.25454288721084595,0.9295364022254944
90,0.2568340003490448,0.9267877340316772,0.2534671127796173,0.9300662279129028
91,0.2557399570941925,0.9274687767028809,0.252401739358902,0.9303311109542847
92,0.2546578347682953,0.9276958107948303,0.25135308504104614,0.9308609366416931
93,0.2535918056964874,0.9276958107948303,0.2503175139427185,0.9316556453704834
94,0.2525384724140167,0.9278660416603088,0.24930112063884735,0.9321854114532471
95,0.25149834156036377,0.9284903407096863,0.24829162657260895,0.9321854114532471
96,0.2504706382751465,0.9286606311798096,0.24729765951633453,0.9324503540992737
97,0.24945522844791412,0.9286606311798096,0.24631786346435547,0.9324503540992737
98,0.24845367670059204,0.9288876056671143,0.2453518658876419,0.9321854114532471
99,0.24746489524841309,0.9292281270027161,0.24438779056072235,0.9327152371406555
100,0.24648427963256836,0.9296254515647888,0.24344435334205627,0.9335099458694458
101,0.2455219030380249,0.9299659729003906,0.24251365661621094,0.9335099458694458
102,0.24456310272216797,0.930476725101471,0.24158962070941925,0.9337748289108276
103,0.24362115561962128,0.9307605028152466,0.2406797558069229,0.933245062828064
104,0.24268972873687744,0.9307037591934204,0.23978109657764435,0.9335099458694458
105,0.24176731705665588,0.9308172464370728,0.23889608681201935,0.9335099458694458
106,0.24085572361946106,0.9311577677726746,0.23801477253437042,0.933245062828064
107,0.2399541586637497,0.9311010241508484,0.2371458113193512,0.933245062828064
108,0.23906587064266205,0.9314982891082764,0.23629240691661835,0.9335099458694458
109,0.23818354308605194,0.931782066822052,0.23544380068778992,0.9343046545982361
110,0.23731322586536407,0.9319522976875305,0.23460522294044495,0.9345695376396179
111,0.2364504039287567,0.9322360754013062,0.23377439379692078,0.9348344206809998
112,0.23560133576393127,0.9324063658714294,0.23296454548835754,0.9348344206809998
113,0.2347559630870819,0.9327468872070312,0.23214982450008392,0.9350993633270264
114,0.23391960561275482,0.9329739212989807,0.23135018348693848,0.9353642463684082
115,0.23309612274169922,0.9333144426345825,0.2305556684732437,0.9361589550971985
116,0.23228025436401367,0.9336549639701843,0.22977857291698456,0.9361589550971985
117,0.23147393763065338,0.9337684512138367,0.22899694740772247,0.9361589550971985
118,0.23067279160022736,0.9339386820793152,0.22823204100131989,0.9361589550971985
119,0.229880690574646,0.9341089725494385,0.2274755835533142,0.9361589550971985
120,0.229097381234169,0.9343360066413879,0.22672784328460693,0.9361589550971985
121,0.22832107543945312,0.9345629811286926,0.22598160803318024,0.9361589550971985
122,0.2275548130273819,0.9347900152206421,0.22524426877498627,0.9361589550971985
123,0.22679364681243896,0.9351305365562439,0.22452378273010254,0.9361589550971985
124,0.22604155540466309,0.9351305365562439,0.22379964590072632,0.9361589550971985
125,0.2252996265888214,0.9352440237998962,0.22309145331382751,0.9364238381385803
126,0.22455821931362152,0.9354710578918457,0.22238251566886902,0.9366887211799622
127,0.2238273173570633,0.9355278015136719,0.22168536484241486,0.9366887211799622
128,0.22310592234134674,0.935981810092926,0.22099384665489197,0.9366887211799622
129,0.22238929569721222,0.9362655878067017,0.2203110009431839,0.9369536638259888
130,0.2216794490814209,0.9363791346549988,0.21963422000408173,0.9369536638259888
131,0.22097590565681458,0.936435878276825,0.2189595252275467,0.9374834299087524
132,0.2202795147895813,0.9366629123687744,0.21829642355442047,0.937748372554779
133,0.21958807110786438,0.9367196559906006,0.21764397621154785,0.9380132555961609
134,0.21890442073345184,0.9368331432342529,0.2169908583164215,0.9380132555961609
135,0.2182261049747467,0.9369466304779053,0.21634377539157867,0.9380132555961609
136,0.2175557166337967,0.9370601773262024,0.21570450067520142,0.9380132555961609
137,0.21689119935035706,0.9372304081916809,0.21507257223129272,0.9380132555961609
138,0.21622931957244873,0.937343955039978,0.2144448161125183,0.9380132555961609
139,0.2155786156654358,0.9374574422836304,0.2138199806213379,0.9380132555961609
140,0.2149282991886139,0.9376276731491089,0.21320919692516327,0.9385430216789246
141,0.2142864167690277,0.9378547072410583,0.2125912308692932,0.9385430216789246
142,0.21364814043045044,0.9379681944847107,0.21199294924736023,0.9385430216789246
143,0.21301713585853577,0.938138484954834,0.2113870531320572,0.9388079643249512
144,0.2123921662569046,0.9383655190467834,0.21079431474208832,0.939072847366333
145,0.21177621185779572,0.9384222626686096,0.21020948886871338,0.9393377304077148
146,0.21115760505199432,0.9385924935340881,0.20962212979793549,0.9393377304077148
147,0.2105487436056137,0.9388762712478638,0.20904488861560822,0.9393377304077148
148,0.2099442183971405,0.9389330148696899,0.20847362279891968,0.9396026730537415
149,0.20934425294399261,0.9389897584915161,0.20790547132492065,0.9396026730537415
150,0.2087508887052536,0.9392735362052917,0.20733670890331268,0.9396026730537415
151,0.20816129446029663,0.9393302798271179,0.20678359270095825,0.9401324391365051
152,0.20757365226745605,0.939443826675415,0.2062261551618576,0.9401324391365051
153,0.20699401199817657,0.9395005702972412,0.20567470788955688,0.9401324391365051
154,0.20642028748989105,0.9396140575408936,0.2051338404417038,0.9398675560951233
155,0.20584876835346222,0.9396708011627197,0.2045944333076477,0.940397322177887
156,0.20528371632099152,0.9397843480110168,0.20406147837638855,0.9406622648239136
157,0.2047210931777954,0.939841091632843,0.20353005826473236,0.9406622648239136
158,0.20416460931301117,0.9400113224983215,0.2030029296875,0.9406622648239136
159,0.20361025631427765,0.9401248693466187,0.2024766057729721,0.9409271478652954
160,0.2030593752861023,0.9404086470603943,0.20195819437503815,0.9414569735527039
161,0.2025132179260254,0.9405221343040466,0.2014462649822235,0.9414569735527039
162,0.20197683572769165,0.940635621547699,0.20093634724617004,0.9417218565940857
163,0.2014397829771042,0.9406924247741699,0.20042967796325684,0.9419867396354675
164,0.20090948045253754,0.9408059120178223,0.19992376863956451,0.9422516822814941
165,0.20037934184074402,0.9409761428833008,0.1994292438030243,0.9422516822814941
166,0.19985447824001312,0.9412599205970764,0.1989305317401886,0.9422516822814941
167,0.19933746755123138,0.9414302110671997,0.1984449028968811,0.9422516822814941
168,0.19882109761238098,0.9414869546890259,0.19795750081539154,0.942516565322876
169,0.19830866158008575,0.9414869546890259,0.19747619330883026,0.942516565322876
170,0.1978011578321457,0.941543698310852,0.19700074195861816,0.942516565322876
171,0.197295680642128,0.9416571855545044,0.1965196281671524,0.942516565322876
172,0.19679491221904755,0.9417707324028015,0.19605228304862976,0.9427814483642578
173,0.19629500806331635,0.94194096326828,0.19558216631412506,0.9430463314056396
174,0.19580204784870148,0.9420545101165771,0.19511224329471588,0.9433112740516663
175,0.1953127533197403,0.9421112537384033,0.19465729594230652,0.9433112740516663
176,0.19482466578483582,0.9420545101165771,0.1941957324743271,0.9433112740516663
177,0.1943446546792984,0.9421679973602295,0.19374482333660126,0.9433112740516663
178,0.19386278092861176,0.942338228225708,0.19328409433364868,0.9433112740516663
179,0.19338776171207428,0.9425652623176575,0.1928452104330063,0.9433112740516663
180,0.19291512668132782,0.9427355527877808,0.19240038096904755,0.9433112740516663
181,0.19244524836540222,0.9428490400314331,0.19195902347564697,0.9433112740516663
182,0.19197846949100494,0.9430192708969116,0.1915150284767151,0.9433112740516663
183,0.1915154755115509,0.9433030486106873,0.19108539819717407,0.9435761570930481
184,0.19105291366577148,0.9434165954589844,0.190653458237648,0.9435761570930481
185,0.1905965358018875,0.9434733390808105,0.19022247195243835,0.9435761570930481
186,0.19014529883861542,0.9435300827026367,0.1897929459810257,0.9438410401344299
187,0.18969374895095825,0.9439273476600647,0.1893729716539383,0.9435761570930481
188,0.18924380838871002,0.944097638130188,0.1889508217573166,0.9438410401344299
189,0.1887996941804886,0.9441543817520142,0.1885339617729187,0.9441059827804565
190,0.1883569210767746,0.9443246126174927,0.1881164014339447,0.9438410401344299
191,0.18791966140270233,0.944494903087616,0.18770989775657654,0.9438410401344299
192,0.18748536705970764,0.9446651339530945,0.18729804456233978,0.9438410401344299
193,0.18705175817012787,0.9447786808013916,0.18688856065273285,0.9438410401344299
194,0.18661989271640778,0.9448354244232178,0.18648487329483032,0.9438410401344299
195,0.18619509041309357,0.944892168045044,0.18609017133712769,0.9441059827804565
196,0.18576852977275848,0.9449489116668701,0.18569378554821014,0.9441059827804565
197,0.1853485107421875,0.9450056552886963,0.18529681861400604,0.9441059827804565
198,0.18492670357227325,0.9451759457588196,0.18489989638328552,0.9441059827804565
199,0.18450963497161865,0.9452326893806458,0.18451525270938873,0.9441059827804565
200,0.18409602344036102,0.9452894330024719,0.18413285911083221,0.9441059827804565
201,0.18368765711784363,0.945402979850769,0.18374444544315338,0.9441059827804565
202,0.18327704071998596,0.9455732107162476,0.1833583414554596,0.9441059827804565
203,0.18287202715873718,0.9456299543380737,0.1829814314842224,0.9441059827804565
204,0.1824660748243332,0.945800244808197,0.18260522186756134,0.9441059827804565
205,0.18206700682640076,0.9459704756736755,0.18223072588443756,0.9443708658218384
206,0.18166911602020264,0.946197509765625,0.18185925483703613,0.9443708658218384
207,0.18127426505088806,0.946197509765625,0.18149153888225555,0.9443708658218384
208,0.18087996542453766,0.9464245438575745,0.18112008273601532,0.9443708658218384
209,0.18048840761184692,0.9465380311012268,0.18074914813041687,0.9443708658218384
210,0.18009789288043976,0.9465380311012268,0.18038442730903625,0.9443708658218384
211,0.17971383035182953,0.946594774723053,0.18003056943416595,0.9443708658218384
212,0.17933054268360138,0.9467082619667053,0.17967002093791962,0.9446357488632202
213,0.17894692718982697,0.9467650651931763,0.17931322753429413,0.9446357488632202
214,0.1785668432712555,0.946992039680481,0.17895899713039398,0.9446357488632202
215,0.17818863689899445,0.9471055865287781,0.1786036193370819,0.9446357488632202
216,0.17781516909599304,0.9471055865287781,0.1782608926296234,0.9446357488632202
217,0.17744307219982147,0.9473325610160828,0.17790700495243073,0.9449006915092468
218,0.17707234621047974,0.9473893046379089,0.1775597184896469,0.9449006915092468
219,0.17670665681362152,0.9475595951080322,0.1772216558456421,0.9451655745506287
220,0.1763373613357544,0.9477298259735107,0.176876038312912,0.9451655745506287
221,0.1759740710258484,0.9479568600654602,0.1765376776456833,0.9451655745506287
222,0.17561163008213043,0.9482406377792358,0.1761997789144516,0.9451655745506287
223,0.17525377869606018,0.9483541250228882,0.17586563527584076,0.9451655745506287
224,0.17489445209503174,0.9484108686447144,0.1755366027355194,0.9454304575920105
225,0.17453710734844208,0.9485811591148376,0.1751966029405594,0.9454304575920105
226,0.17418378591537476,0.9485811591148376,0.17486466467380524,0.9454304575920105
227,0.17383088171482086,0.9488081932067871,0.17453999817371368,0.9454304575920105
228,0.17348191142082214,0.9488081932067871,0.1742202788591385,0.9456953406333923
229,0.17313680052757263,0.9490351676940918,0.17389316856861115,0.945960283279419
230,0.1727895736694336,0.9490351676940918,0.17357030510902405,0.945960283279419
231,0.1724444478750229,0.9490351676940918,0.1732500046491623,0.945960283279419
232,0.17210249602794647,0.9491487145423889,0.17292484641075134,0.945960283279419
233,0.1717631071805954,0.9493756890296936,0.17261798679828644,0.945960283279419
234,0.17142464220523834,0.9494892358779907,0.1723056435585022,0.945960283279419
235,0.17108920216560364,0.9496594667434692,0.1719847470521927,0.9462251663208008
236,0.1707533299922943,0.9497730135917664,0.17167650163173676,0.9462251663208008
237,0.1704239845275879,0.9498865008354187,0.1713685691356659,0.9462251663208008
238,0.17009337246418,0.9499432444572449,0.17106258869171143,0.9462251663208008
239,0.1697620153427124,0.9500567317008972,0.17075102031230927,0.9462251663208008
240,0.16943424940109253,0.9501135349273682,0.17044804990291595,0.9462251663208008
241,0.16911041736602783,0.9502270221710205,0.17014597356319427,0.9462251663208008
242,0.16878479719161987,0.9501702785491943,0.16984227299690247,0.9462251663208008
243,0.16846109926700592,0.9501702785491943,0.16954271495342255,0.9464900493621826
244,0.16814225912094116,0.9502837657928467,0.16924360394477844,0.9470198750495911
245,0.16782277822494507,0.950397253036499,0.16895388066768646,0.9470198750495911
246,0.16750486195087433,0.95045405626297,0.16865459084510803,0.9470198750495911
247,0.16719311475753784,0.95045405626297,0.16835811734199524,0.9470198750495911
248,0.16687722504138947,0.9505107998847961,0.1680632084608078,0.9470198750495911
249,0.16656611859798431,0.9506242871284485,0.16778162121772766,0.9475496411323547
250,0.16625310480594635,0.9506810307502747,0.1674884408712387,0.9475496411323547
251,0.16594669222831726,0.9507945775985718,0.16720929741859436,0.9475496411323547
252,0.16564032435417175,0.9509080648422241,0.16691707074642181,0.9480794668197632
253,0.16533620655536652,0.9510215520858765,0.16663594543933868,0.9480794668197632
254,0.16503232717514038,0.9511350989341736,0.16634824872016907,0.9480794668197632
255,0.1647278368473053,0.9511918425559998,0.1660643368959427,0.9480794668197632
256,0.16442552208900452,0.9512485861778259,0.16579018533229828,0.9480794668197632
257,0.1641284078359604,0.9512485861778259,0.16551221907138824,0.9480794668197632
258,0.1638299822807312,0.9513620734214783,0.16523215174674988,0.9480794668197632
259,0.16353368759155273,0.9514756202697754,0.16495631635189056,0.9480794668197632
260,0.16323648393154144,0.9514756202697754,0.16468465328216553,0.948344349861145
261,0.1629440188407898,0.9515323638916016,0.164412260055542,0.948344349861145
262,0.16265523433685303,0.9516458511352539,0.16414447128772736,0.948344349861145
263,0.1623629331588745,0.9515891075134277,0.16387084126472473,0.9486092925071716
264,0.16207073628902435,0.9516458511352539,0.1636061817407608,0.9488741755485535
265,0.16178417205810547,0.9516458511352539,0.16333696246147156,0.9488741755485535
266,0.16149921715259552,0.9516458511352539,0.16307033598423004,0.9491390585899353
267,0.16121309995651245,0.9517025947570801,0.16280551254749298,0.9494040012359619
268,0.16093005239963531,0.9518161416053772,0.1625460535287857,0.9494040012359619
269,0.1606476902961731,0.9518161416053772,0.16227908432483673,0.9494040012359619
270,0.16037094593048096,0.9518161416053772,0.162016361951828,0.9494040012359619
271,0.16008739173412323,0.9518161416053772,0.16175632178783417,0.9494040012359619
272,0.15980957448482513,0.9518161416053772,0.16150252521038055,0.9494040012359619
273,0.15953245759010315,0.9519296288490295,0.16124264895915985,0.9496688842773438
274,0.15926052629947662,0.952156662940979,0.16098487377166748,0.9496688842773438
275,0.15898525714874268,0.9522134065628052,0.16072911024093628,0.9499337673187256
276,0.15871156752109528,0.9522701501846313,0.16048265993595123,0.9499337673187256
277,0.15843890607357025,0.9523836374282837,0.16023962199687958,0.9499337673187256
278,0.15816959738731384,0.9524971842765808,0.15997934341430664,0.9499337673187256
279,0.15789921581745148,0.9526106715202332,0.1597273200750351,0.9499337673187256
280,0.15762744843959808,0.9528377056121826,0.15948063135147095,0.9499337673187256
281,0.1573643833398819,0.9530079364776611,0.159233957529068,0.9499337673187256
282,0.15709979832172394,0.9531782269477844,0.1589931696653366,0.9499337673187256
283,0.15683366358280182,0.9533484578132629,0.15875013172626495,0.950463593006134
284,0.15657350420951843,0.9534620046615601,0.15850043296813965,0.9507284760475159
285,0.1563124656677246,0.9534620046615601,0.15825983881950378,0.9509933590888977
286,0.15605086088180542,0.9536889791488647,0.15802055597305298,0.9509933590888977
287,0.15579117834568024,0.9537457227706909,0.15777802467346191,0.9512583017349243
288,0.15553376078605652,0.9537457227706909,0.1575368344783783,0.9512583017349243
289,0.1552753448486328,0.953859269618988,0.15730346739292145,0.9512583017349243
290,0.15502184629440308,0.9539727568626404,0.15706802904605865,0.9512583017349243
291,0.15476560592651367,0.9540862441062927,0.1568325310945511,0.9512583017349243
292,0.1545121669769287,0.9540862441062927,0.15658999979496002,0.9512583017349243
293,0.15426228940486908,0.9541997909545898,0.15635792911052704,0.9512583017349243
294,0.1540072113275528,0.9543132781982422,0.15612684190273285,0.9512583017349243
295,0.15375789999961853,0.9544835686683655,0.15590235590934753,0.9512583017349243
296,0.15350914001464844,0.9545403122901917,0.15566422045230865,0.9512583017349243
297,0.15326260030269623,0.9545970559120178,0.15544010698795319,0.9512583017349243
298,0.153017058968544,0.9545403122901917,0.15520764887332916,0.9512583017349243
299,0.15276959538459778,0.9548240900039673,0.1549753099679947,0.9512583017349243
300,0.15252846479415894,0.9548240900039673,0.1547582745552063,0.9512583017349243
301,0.15228056907653809,0.955051064491272,0.15452273190021515,0.9515231847763062
302,0.15203724801540375,0.9551646113395691,0.15430885553359985,0.9515231847763062
303,0.1517961025238037,0.9552780985832214,0.15408335626125336,0.951788067817688
304,0.1515600085258484,0.9552780985832214,0.15385772287845612,0.951788067817688
305,0.15132059156894684,0.9552780985832214,0.15364360809326172,0.951788067817688
306,0.1510801911354065,0.9553915858268738,0.15341296792030334,0.951788067817688
307,0.15084408223628998,0.9555051326751709,0.15319597721099854,0.9520529508590698
308,0.1506081223487854,0.9555051326751709,0.1529826670885086,0.9523178935050964
309,0.150370791554451,0.9556186199188232,0.1527574360370636,0.9523178935050964
310,0.1501365453004837,0.9556753635406494,0.1525416374206543,0.9525827765464783
311,0.14990414679050446,0.9557888507843018,0.15232738852500916,0.9525827765464783
312,0.149671733379364,0.9560158848762512,0.15210779011249542,0.9528476595878601
313,0.1494440734386444,0.9562429189682007,0.151894673705101,0.9533774852752686
314,0.14921051263809204,0.9564698934555054,0.15168116986751556,0.9536423683166504
315,0.14898225665092468,0.9564698934555054,0.1514744758605957,0.9536423683166504
316,0.14875327050685883,0.9564698934555054,0.1512639969587326,0.953907310962677
317,0.14852502942085266,0.9564698934555054,0.1510513871908188,0.9541721940040588
318,0.1482974886894226,0.9565834403038025,0.15084104239940643,0.9541721940040588
319,0.14807485044002533,0.9566401839256287,0.15062439441680908,0.9541721940040588
320,0.1478477418422699,0.9566401839256287,0.15042169392108917,0.9547019600868225
321,0.1476278156042099,0.9566969275474548,0.15021845698356628,0.9547019600868225
322,0.14740122854709625,0.9568672180175781,0.1500084102153778,0.9547019600868225
323,0.14718037843704224,0.9569807052612305,0.14980103075504303,0.9549669027328491
324,0.1469602733850479,0.9569807052612305,0.14959654211997986,0.9549669027328491
325,0.14673888683319092,0.9570374488830566,0.14939290285110474,0.9549669027328491
326,0.14652065932750702,0.9570941925048828,0.149192214012146,0.9549669027328491
327,0.14630326628684998,0.957150936126709,0.14898830652236938,0.955231785774231
328,0.1460883915424347,0.957150936126709,0.1487913280725479,0.955231785774231
329,0.14586962759494781,0.9573212265968323,0.14858834445476532,0.955231785774231
330,0.14565680921077728,0.9573212265968323,0.14838938415050507,0.955231785774231
331,0.14543813467025757,0.9574914574623108,0.14818750321865082,0.955231785774231
332,0.14522239565849304,0.9576050043106079,0.14798834919929504,0.955231785774231
333,0.14500924944877625,0.9577752351760864,0.14779940247535706,0.955231785774231
334,0.14479607343673706,0.9577752351760864,0.14759734272956848,0.955231785774231
335,0.14458821713924408,0.9579455256462097,0.14740636944770813,0.955231785774231
336,0.1443774551153183,0.9580590128898621,0.14721311628818512,0.955231785774231
337,0.1441679298877716,0.9581157565116882,0.14701606333255768,0.9554966688156128
338,0.1439616084098816,0.9581157565116882,0.1468229740858078,0.9554966688156128
339,0.14375218749046326,0.9582860469818115,0.1466277539730072,0.9554966688156128
340,0.14354336261749268,0.9582860469818115,0.1464385688304901,0.9554966688156128
341,0.14333592355251312,0.9583995342254639,0.14624688029289246,0.9554966688156128
342,0.14312918484210968,0.95845627784729,0.14605174958705902,0.9557616114616394
343,0.14292633533477783,0.9586265683174133,0.14586424827575684,0.9557616114616394
344,0.14272142946720123,0.9587400555610657,0.14568015933036804,0.9560264945030212
345,0.1425216645002365,0.9587967991828918,0.14548787474632263,0.9560264945030212
346,0.1423165202140808,0.9587967991828918,0.14529407024383545,0.9560264945030212
347,0.14211516082286835,0.958910346031189,0.14511652290821075,0.9560264945030212
348,0.1419108361005783,0.9591373205184937,0.14492680132389069,0.9560264945030212
349,0.14171043038368225,0.9591941237449646,0.14474636316299438,0.9560264945030212
350,0.14150884747505188,0.9593076109886169,0.14456117153167725,0.9560264945030212
351,0.1413116753101349,0.9593643546104431,0.1443689465522766,0.9560264945030212
352,0.14111778140068054,0.9594210982322693,0.14419852197170258,0.9560264945030212
353,0.1409207582473755,0.9595346450805664,0.14401260018348694,0.9560264945030212
354,0.14071998000144958,0.9595913887023926,0.14382724463939667,0.9560264945030212
355,0.14052452147006989,0.9596481323242188,0.14364270865917206,0.9562913775444031
356,0.1403294950723648,0.9597616195678711,0.14346952736377716,0.9560264945030212
357,0.14013513922691345,0.9600453972816467,0.14328424632549286,0.9562913775444031
358,0.13994324207305908,0.9601021409034729,0.14310197532176971,0.9562913775444031
359,0.1397480070590973,0.9601021409034729,0.14293022453784943,0.9562913775444031
360,0.13955718278884888,0.9601588845252991,0.14274676144123077,0.9562913775444031
361,0.1393669843673706,0.9602724313735962,0.1425725519657135,0.9565563201904297
362,0.1391770839691162,0.9603291749954224,0.1424063742160797,0.9568212032318115
363,0.1389865130186081,0.9603291749954224,0.14222478866577148,0.9568212032318115
364,0.1387980431318283,0.9603291749954224,0.14204435050487518,0.9570860862731934
365,0.13860984146595,0.9604426622390747,0.14187172055244446,0.9573509693145752
366,0.13841912150382996,0.9604426622390747,0.1417001485824585,0.9573509693145752
367,0.13823431730270386,0.9604994058609009,0.14152689278125763,0.9576159119606018
368,0.1380462944507599,0.9605562090873718,0.14134997129440308,0.9576159119606018
369,0.13786137104034424,0.9605562090873718,0.14118145406246185,0.9576159119606018
370,0.13767513632774353,0.9606696963310242,0.14100874960422516,0.9576159119606018
371,0.13748912513256073,0.9607264399528503,0.1408318132162094,0.9576159119606018
372,0.1373058706521988,0.9607831835746765,0.14066439867019653,0.9576159119606018
373,0.13712206482887268,0.9607831835746765,0.14049766957759857,0.9581456780433655
374,0.13693983852863312,0.9608967304229736,0.140333354473114,0.9581456780433655
375,0.13675718009471893,0.9608967304229736,0.14015962183475494,0.9581456780433655
376,0.13657763600349426,0.9611237049102783,0.13999395072460175,0.9584106206893921
377,0.13639579713344574,0.9610669612884521,0.1398308128118515,0.9584106206893921
378,0.13621407747268677,0.9611804485321045,0.1396598219871521,0.9586755037307739
379,0.13603496551513672,0.9612939953804016,0.13948853313922882,0.9586755037307739
380,0.13585540652275085,0.9613507390022278,0.13932716846466064,0.9586755037307739
381,0.13568013906478882,0.961407482624054,0.1391623318195343,0.9589403867721558
382,0.13550010323524475,0.9615209698677063,0.13899412751197815,0.9589403867721558
383,0.13532519340515137,0.9615777730941772,0.13883507251739502,0.9589403867721558
384,0.13514943420886993,0.9616912603378296,0.13867402076721191,0.9589403867721558
385,0.13497291505336761,0.9616912603378296,0.13851061463356018,0.9589403867721558
386,0.1347992718219757,0.9617480039596558,0.13834644854068756,0.9589403867721558
387,0.1346263587474823,0.9618614912033081,0.138181671500206,0.9589403867721558
388,0.13444848358631134,0.9618614912033081,0.13802717626094818,0.9592052698135376
389,0.13427570462226868,0.961918294429779,0.13786451518535614,0.9592052698135376
390,0.1341031938791275,0.961918294429779,0.13770116865634918,0.9592052698135376
391,0.1339282989501953,0.9619750380516052,0.13754385709762573,0.9592052698135376
392,0.1337626874446869,0.9619750380516052,0.13738402724266052,0.9592052698135376
393,0.13359014689922333,0.9620885252952576,0.1372227817773819,0.9592052698135376
394,0.13341660797595978,0.9622020721435547,0.1370725929737091,0.9592052698135376
395,0.13324466347694397,0.9622020721435547,0.13691511750221252,0.9592052698135376
396,0.1330774575471878,0.9622020721435547,0.13675233721733093,0.9592052698135376
397,0.13290882110595703,0.9622588157653809,0.1366005837917328,0.9592052698135376
398,0.13274124264717102,0.9624857902526855,0.13645035028457642,0.9592052698135376
399,0.1325729787349701,0.9624857902526855,0.13629239797592163,0.9592052698135376
400,0.132406547665596,0.9625425934791565,0.13613830506801605,0.9594702124595642
401,0.13224053382873535,0.9625425934791565,0.13598130643367767,0.959735095500946
402,0.13207395374774933,0.9625993371009827,0.13583146035671234,0.959735095500946
403,0.1319083571434021,0.9626560807228088,0.1356724053621292,0.959735095500946
404,0.13174383342266083,0.9627695679664612,0.13552016019821167,0.9599999785423279
405,0.13158300518989563,0.9628831148147583,0.13536512851715088,0.9599999785423279
406,0.13141974806785583,0.9629398584365845,0.13521724939346313,0.9599999785423279
407,0.13125105202198029,0.9629966020584106,0.13506710529327393,0.9599999785423279
408,0.13108870387077332,0.9630533456802368,0.1349100023508072,0.9599999785423279
409,0.13093148171901703,0.963110089302063,0.1347670555114746,0.9599999785423279
410,0.13076646625995636,0.9631668329238892,0.13461917638778687,0.9599999785423279
411,0.13060510158538818,0.9631668329238892,0.1344735473394394,0.9599999785423279
412,0.130446195602417,0.9631668329238892,0.1343207210302353,0.9599999785423279
413,0.1302844136953354,0.9632803797721863,0.13417591154575348,0.9602649211883545
414,0.1301269382238388,0.9632803797721863,0.1340198814868927,0.9602649211883545
415,0.1299666464328766,0.9633371233940125,0.1338815689086914,0.9602649211883545
416,0.12980858981609344,0.9633938670158386,0.1337357610464096,0.9602649211883545
417,0.1296466886997223,0.9634506106376648,0.13358241319656372,0.9602649211883545
418,0.12949199974536896,0.9634506106376648,0.13343651592731476,0.9602649211883545
419,0.12933756411075592,0.9634506106376648,0.13329550623893738,0.9602649211883545
420,0.12918001413345337,0.963507354259491,0.1331547349691391,0.9602649211883545
421,0.12902531027793884,0.9636209011077881,0.13301075994968414,0.9605298042297363
422,0.1288679987192154,0.9636776447296143,0.13286426663398743,0.9610596299171448
423,0.12871409952640533,0.9636776447296143,0.13272161781787872,0.9610596299171448
424,0.12855888903141022,0.9637911319732666,0.13257573544979095,0.9610596299171448
425,0.12840211391448975,0.9638478755950928,0.1324319988489151,0.9610596299171448
426,0.12825246155261993,0.9639046788215637,0.13228937983512878,0.9607946872711182
427,0.12809903919696808,0.9639046788215637,0.1321507692337036,0.9610596299171448
428,0.127946138381958,0.9639614224433899,0.1320054978132248,0.9610596299171448
429,0.12779487669467926,0.9640749096870422,0.13187113404273987,0.9610596299171448
430,0.12764324247837067,0.9641316533088684,0.1317289173603058,0.9610596299171448
431,0.12749016284942627,0.9641883969306946,0.1315939575433731,0.9613245129585266
432,0.12734141945838928,0.9642452001571655,0.13145533204078674,0.9613245129585266
433,0.12719063460826874,0.9643019437789917,0.1313152015209198,0.9613245129585266
434,0.12704110145568848,0.964415431022644,0.13116709887981415,0.9613245129585266
435,0.1268891990184784,0.9644721746444702,0.13103681802749634,0.9613245129585266
436,0.1267438679933548,0.9646424651145935,0.13089774549007416,0.9613245129585266
437,0.1265932321548462,0.9646992087364197,0.13076074421405792,0.9613245129585266
438,0.12644752860069275,0.9647559523582458,0.1306212693452835,0.9613245129585266
439,0.12630006670951843,0.9646992087364197,0.13048571348190308,0.9613245129585266
440,0.12615272402763367,0.9648694396018982,0.13034570217132568,0.9613245129585266
441,0.1260075867176056,0.9648694396018982,0.1302124410867691,0.9621192216873169
442,0.125858873128891,0.9648694396018982,0.13007578253746033,0.9618542790412903
443,0.12571434676647186,0.9648694396018982,0.1299455761909485,0.9621192216873169
444,0.12556909024715424,0.9648694396018982,0.12980979681015015,0.9621192216873169
445,0.1254231035709381,0.9649829864501953,0.12967613339424133,0.9621192216873169
446,0.12527962028980255,0.9649829864501953,0.12953783571720123,0.9621192216873169
447,0.12513744831085205,0.9649262428283691,0.12941089272499084,0.9621192216873169
448,0.12499233335256577,0.9650397300720215,0.12927471101284027,0.9621192216873169
449,0.1248464584350586,0.9651532173156738,0.12914827466011047,0.9621192216873169
450,0.12471125274896622,0.9651532173156738,0.12900780141353607,0.9626489877700806
451,0.12456411123275757,0.9651532173156738,0.12888287007808685,0.9626489877700806
452,0.12442322820425034,0.9652099609375,0.12874703109264374,0.9629139304161072
453,0.12428119778633118,0.9653235077857971,0.12862083315849304,0.9629139304161072
454,0.12414287775754929,0.9654369950294495,0.12848851084709167,0.9629139304161072
455,0.12399832904338837,0.9653802514076233,0.12835799157619476,0.9629139304161072
456,0.12385943531990051,0.9654369950294495,0.1282285898923874,0.9629139304161072
457,0.12372300773859024,0.9654937386512756,0.1280973255634308,0.9629139304161072
458,0.12357830256223679,0.9654937386512756,0.12797045707702637,0.9629139304161072
459,0.1234445571899414,0.9655504822731018,0.12783651053905487,0.9629139304161072
460,0.12330473959445953,0.9656072854995728,0.12771190702915192,0.9629139304161072
461,0.1231648325920105,0.9656072854995728,0.12758836150169373,0.963178813457489
462,0.12303175777196884,0.9657775163650513,0.12745480239391327,0.963178813457489
463,0.12289177626371384,0.9657775163650513,0.12733399868011475,0.963178813457489
464,0.12275318056344986,0.9658342599868774,0.12720610201358795,0.963178813457489
465,0.1226169615983963,0.9657775163650513,0.12707829475402832,0.963178813457489
466,0.12248562276363373,0.9658342599868774,0.12695059180259705,0.963178813457489
467,0.12234727293252945,0.9658910036087036,0.12682443857192993,0.9634436964988708
468,0.12221287935972214,0.9659478068351746,0.12670177221298218,0.9634436964988708
469,0.12207744270563126,0.9659478068351746,0.12658263742923737,0.9634436964988708
470,0.12194103002548218,0.9660612940788269,0.12644994258880615,0.9637085795402527
471,0.12180683761835098,0.9660612940788269,0.12633302807807922,0.9639735221862793
472,0.12167508155107498,0.9661180377006531,0.1262069046497345,0.9639735221862793
473,0.12154075503349304,0.9661747813224792,0.1260819137096405,0.9637085795402527
474,0.12140931189060211,0.9661747813224792,0.12596160173416138,0.9637085795402527
475,0.12127553671598434,0.9661747813224792,0.12583111226558685,0.9637085795402527
476,0.12114324420690536,0.9661747813224792,0.1257125586271286,0.9637085795402527
477,0.12101148068904877,0.9662883281707764,0.12558278441429138,0.9637085795402527
478,0.12087826430797577,0.9662883281707764,0.12547467648983002,0.9637085795402527
479,0.12074930220842361,0.9663450717926025,0.125348761677742,0.9637085795402527
480,0.12061966210603714,0.9664018154144287,0.12522466480731964,0.9637085795402527
481,0.12048804759979248,0.9664018154144287,0.12510275840759277,0.9637085795402527
482,0.12035994976758957,0.9664018154144287,0.1249874085187912,0.9637085795402527
483,0.12023094296455383,0.9664018154144287,0.12485886365175247,0.9637085795402527
484,0.12010297924280167,0.9664018154144287,0.12474270164966583,0.9637085795402527
485,0.11997219175100327,0.9664585590362549,0.12462738156318665,0.9637085795402527
486,0.11984086781740189,0.9664585590362549,0.12450279295444489,0.9637085795402527
487,0.119715616106987,0.966515302658081,0.1243908628821373,0.9637085795402527
488,0.11958889663219452,0.966515302658081,0.12427479028701782,0.9637085795402527
489,0.11946006119251251,0.966515302658081,0.12414870411157608,0.9637085795402527
490,0.11933166533708572,0.9666855931282043,0.12403377145528793,0.9637085795402527
491,0.11920357495546341,0.9667423367500305,0.12391384690999985,0.9637085795402527
492,0.11907818913459778,0.9667423367500305,0.12379699945449829,0.9637085795402527
493,0.118951216340065,0.9667990803718567,0.12368176132440567,0.9637085795402527
494,0.11882676929235458,0.9668558239936829,0.12355966866016388,0.9637085795402527
495,0.11870095878839493,0.9668558239936829,0.12344779819250107,0.9637085795402527
496,0.11857728660106659,0.9668558239936829,0.12333577126264572,0.9637085795402527
497,0.11845295876264572,0.9668558239936829,0.12321364879608154,0.9637085795402527
498,0.11833008378744125,0.9668558239936829,0.12310422956943512,0.9637085795402527
499,0.11820270121097565,0.9670261144638062,0.12298595905303955,0.9637085795402527
500,0.11807862669229507,0.9670261144638062,0.12287414073944092,0.9637085795402527
501,0.11795619130134583,0.9671963453292847,0.12276279181241989,0.9637085795402527
502,0.11783359199762344,0.9673098921775818,0.12264374643564224,0.9637085795402527
503,0.1177125871181488,0.9673098921775818,0.12253422290086746,0.9637085795402527
504,0.11759178340435028,0.9673098921775818,0.12241899967193604,0.9637085795402527
505,0.11746984720230103,0.9673098921775818,0.12229504436254501,0.9637085795402527
506,0.11734592169523239,0.967366635799408,0.1221974790096283,0.9637085795402527
507,0.11722323298454285,0.9674233794212341,0.12208358943462372,0.9637085795402527
508,0.11710231006145477,0.9674801230430603,0.12196370214223862,0.9637085795402527
509,0.11698336154222488,0.9674801230430603,0.12185594439506531,0.9639735221862793
510,0.11686141788959503,0.9675368666648865,0.12174440920352936,0.9639735221862793
511,0.11674287170171738,0.9675936698913574,0.12163112312555313,0.9639735221862793
512,0.11662101745605469,0.9675936698913574,0.12152640521526337,0.9639735221862793
513,0.11650216579437256,0.9675936698913574,0.12140990048646927,0.9639735221862793
514,0.11638303846120834,0.9675936698913574,0.12130360305309296,0.9639735221862793
515,0.11626392602920532,0.9675936698913574,0.12119098007678986,0.9642384052276611
516,0.11614713817834854,0.9675936698913574,0.12107869982719421,0.9642384052276611
517,0.11602875590324402,0.9678206443786621,0.12097074836492538,0.9642384052276611
518,0.11591193825006485,0.9677639007568359,0.12086399644613266,0.9642384052276611
519,0.11579389870166779,0.9679341912269592,0.12075687199831009,0.9642384052276611
520,0.11567463725805283,0.9679341912269592,0.12064257264137268,0.9642384052276611
521,0.1155567467212677,0.9679341912269592,0.12052927911281586,0.964503288269043
522,0.11543907225131989,0.9679341912269592,0.1204315796494484,0.964503288269043
523,0.11532622575759888,0.9679341912269592,0.12032207101583481,0.964503288269043
524,0.11521100997924805,0.9679341912269592,0.12021957337856293,0.964503288269043
525,0.11509820818901062,0.9679341912269592,0.12010281533002853,0.964503288269043
526,0.11497907340526581,0.9679341912269592,0.11999958008527756,0.9647682309150696
527,0.11486304551362991,0.9679341912269592,0.11989400535821915,0.9647682309150696
528,0.11474981158971786,0.9679341912269592,0.11978892236948013,0.9647682309150696
529,0.11463494598865509,0.9679341912269592,0.11968069523572922,0.9647682309150696
530,0.11451762169599533,0.9679909348487854,0.1195690855383873,0.9647682309150696
531,0.114408478140831,0.9681044220924377,0.11946236342191696,0.9647682309150696
532,0.11429492384195328,0.9681044220924377,0.11936760693788528,0.9647682309150696
533,0.11418242007493973,0.9681611657142639,0.11925889551639557,0.9647682309150696
534,0.11407224088907242,0.9682179093360901,0.11914867162704468,0.9647682309150696
535,0.113955557346344,0.9682179093360901,0.11903810501098633,0.9647682309150696
536,0.1138429343700409,0.9682179093360901,0.11894147098064423,0.9647682309150696
537,0.11373132467269897,0.968274712562561,0.11883357167243958,0.9647682309150696
538,0.11361928284168243,0.9683314561843872,0.11874143034219742,0.9647682309150696
539,0.11350566893815994,0.9683881998062134,0.11862803250551224,0.9647682309150696
540,0.11339271813631058,0.9684449434280396,0.11852936446666718,0.9650331139564514
541,0.11328199505805969,0.9685584306716919,0.11842995136976242,0.9652979969978333
542,0.11317437142133713,0.9685016870498657,0.11832632124423981,0.9650331139564514
543,0.1130620613694191,0.9685584306716919,0.11821598559617996,0.9652979969978333
544,0.11295365542173386,0.9685016870498657,0.1181144192814827,0.9652979969978333
545,0.11284328252077103,0.968671977519989,0.11801806092262268,0.9652979969978333
546,0.11273059248924255,0.968671977519989,0.11791405081748962,0.9652979969978333
547,0.11262369900941849,0.968671977519989,0.11781184375286102,0.9652979969978333
548,0.11251665651798248,0.9687854647636414,0.11771538108587265,0.9652979969978333
549,0.1124056875705719,0.9688422083854675,0.11761137843132019,0.9652979969978333
550,0.11229992657899857,0.9689557552337646,0.11751284450292587,0.9652979969978333
551,0.11218996345996857,0.9689557552337646,0.11740793287754059,0.9650331139564514
552,0.11208182573318481,0.9689557552337646,0.1173049658536911,0.9652979969978333
553,0.11197551339864731,0.9689557552337646,0.11720556020736694,0.9652979969978333
554,0.11186552792787552,0.9689557552337646,0.11710704118013382,0.9652979969978333
555,0.111758291721344,0.9691259860992432,0.11700484901666641,0.9650331139564514
556,0.11165140569210052,0.9691259860992432,0.11691292375326157,0.9652979969978333
557,0.11154705286026001,0.9691259860992432,0.11681029200553894,0.9652979969978333
558,0.11143617331981659,0.9691827297210693,0.11671306192874908,0.9650331139564514
559,0.11133502423763275,0.9692394733428955,0.11661490052938461,0.9650331139564514
560,0.11122628301382065,0.9692962765693665,0.11651588976383209,0.9652979969978333
561,0.11112163215875626,0.9693530201911926,0.11642245948314667,0.9650331139564514
562,0.11101659387350082,0.9693530201911926,0.11632023751735687,0.9650331139564514
563,0.11091166734695435,0.9693530201911926,0.11621993035078049,0.9650331139564514
564,0.11080700159072876,0.9693530201911926,0.11613281816244125,0.9650331139564514
565,0.11070200055837631,0.9694097638130188,0.11603203415870667,0.9647682309150696
566,0.11059694737195969,0.9695232510566711,0.1159316822886467,0.9647682309150696
567,0.11049313843250275,0.9695799946784973,0.1158304288983345,0.9647682309150696
568,0.11039046198129654,0.9697502851486206,0.1157355085015297,0.9650331139564514
569,0.11028176546096802,0.9697502851486206,0.11563797295093536,0.9647682309150696
570,0.1101846769452095,0.9698070287704468,0.11554528772830963,0.9647682309150696
571,0.11008080095052719,0.969863772392273,0.1154535561800003,0.9647682309150696
572,0.10997682809829712,0.969863772392273,0.115350142121315,0.9647682309150696
573,0.109873466193676,0.969863772392273,0.11525662988424301,0.9647682309150696
574,0.10977150499820709,0.969863772392273,0.1151614859700203,0.9647682309150696
575,0.10966812074184418,0.969863772392273,0.11506979167461395,0.9647682309150696
576,0.10956946015357971,0.9699773192405701,0.11496887356042862,0.9647682309150696
577,0.10946670174598694,0.9699773192405701,0.1148831695318222,0.9647682309150696
578,0.10936807096004486,0.9700908064842224,0.11478295922279358,0.9647682309150696
579,0.10926658660173416,0.9700908064842224,0.11468596011400223,0.9647682309150696
580,0.10916411876678467,0.9701475501060486,0.11459724605083466,0.9647682309150696
581,0.10906252264976501,0.9701475501060486,0.11450782418251038,0.9647682309150696
582,0.10896484553813934,0.9701475501060486,0.11441012471914291,0.9652979969978333
583,0.10886168479919434,0.9701475501060486,0.11431660503149033,0.9655629396438599
584,0.10876131802797318,0.9701475501060486,0.11422397196292877,0.9655629396438599
585,0.1086622029542923,0.9700908064842224,0.11412878334522247,0.9655629396438599
586,0.10855957865715027,0.9702042937278748,0.11403617262840271,0.9655629396438599
587,0.10846386849880219,0.9701475501060486,0.11394454538822174,0.9655629396438599
588,0.10836251080036163,0.9700908064842224,0.1138543114066124,0.9655629396438599
589,0.1082664430141449,0.9701475501060486,0.11376085877418518,0.9655629396438599
590,0.10816556960344315,0.9702042937278748,0.11366890370845795,0.9655629396438599
591,0.10806619375944138,0.9701475501060486,0.11356997489929199,0.9655629396438599
592,0.10796912014484406,0.9702042937278748,0.1134851947426796,0.9655629396438599
593,0.10787332057952881,0.9702610373497009,0.11340098828077316,0.9655629396438599
594,0.10777290165424347,0.9702610373497009,0.11330325901508331,0.9655629396438599
595,0.10767904669046402,0.9702610373497009,0.11321192979812622,0.9658278226852417
596,0.10758178681135178,0.9702042937278748,0.11313015967607498,0.9658278226852417
597,0.1074841171503067,0.9703178405761719,0.11303487420082092,0.9660927057266235
598,0.10738473385572433,0.9703178405761719,0.11293986439704895,0.9660927057266235
599,0.10728808492422104,0.970374584197998,0.11284971982240677,0.9660927057266235
600,0.10718922317028046,0.9704880714416504,0.1127658262848854,0.9660927057266235
601,0.10709430277347565,0.9704313278198242,0.11267462372779846,0.9660927057266235
602,0.10700167715549469,0.9704880714416504,0.11258746683597565,0.9660927057266235
603,0.10690746456384659,0.9704880714416504,0.11249469220638275,0.9660927057266235
604,0.10681328177452087,0.9705448150634766,0.11240565031766891,0.9660927057266235
605,0.10671477764844894,0.9706583619117737,0.11231826990842819,0.9660927057266235
606,0.10662069171667099,0.970771849155426,0.11223004758358002,0.9660927057266235
607,0.1065269410610199,0.970771849155426,0.1121382936835289,0.9660927057266235
608,0.1064305230975151,0.970771849155426,0.11205662786960602,0.9660927057266235
609,0.10633397102355957,0.970771849155426,0.11196964234113693,0.9660927057266235
610,0.10624266415834427,0.970771849155426,0.11187733709812164,0.9660927057266235
611,0.10614819824695587,0.970771849155426,0.11178966611623764,0.9660927057266235
612,0.10605569928884506,0.970771849155426,0.11170567572116852,0.9660927057266235
613,0.10596200823783875,0.9708285927772522,0.1116204485297203,0.9660927057266235
614,0.10586525499820709,0.9708285927772522,0.11153587698936462,0.9663575887680054
615,0.10577449947595596,0.9708285927772522,0.11144886910915375,0.9660927057266235
616,0.10568180680274963,0.9709421396255493,0.11136315762996674,0.9663575887680054
617,0.10558697581291199,0.9709988832473755,0.11127622425556183,0.9663575887680054
618,0.10549949109554291,0.9710556268692017,0.11118274182081223,0.9663575887680054
619,0.10540477186441422,0.9709421396255493,0.11109469830989838,0.966622531414032
620,0.105312779545784,0.9711123704910278,0.11101312935352325,0.966622531414032
621,0.10522104799747467,0.9712258577346802,0.11092546582221985,0.9663575887680054
622,0.10512970387935638,0.971169114112854,0.11083994805812836,0.966622531414032
623,0.10503831505775452,0.9712258577346802,0.11075592041015625,0.966622531414032
624,0.10494868457317352,0.9712258577346802,0.11067339032888412,0.966622531414032
625,0.10485903918743134,0.9712258577346802,0.11059076339006424,0.966622531414032
626,0.10476832091808319,0.9713394045829773,0.11050166189670563,0.966622531414032
627,0.10467741638422012,0.9713961482048035,0.11042409390211105,0.966622531414032
628,0.10458788275718689,0.9713961482048035,0.11033686250448227,0.966622531414032
629,0.10449213534593582,0.9713961482048035,0.11026109755039215,0.966622531414032
630,0.1044030413031578,0.9713961482048035,0.11016689240932465,0.966622531414032
631,0.10431420803070068,0.9715096354484558,0.11008404195308685,0.966622531414032
632,0.10422595590353012,0.971566379070282,0.11000404506921768,0.9668874144554138
633,0.10413586348295212,0.971566379070282,0.10991793125867844,0.9668874144554138
634,0.10404462367296219,0.971566379070282,0.10983546823263168,0.9668874144554138
635,0.10395593196153641,0.971566379070282,0.10975173860788345,0.9668874144554138
636,0.10386668145656586,0.971566379070282,0.10967253893613815,0.9668874144554138
637,0.10378115624189377,0.971566379070282,0.10958819836378098,0.966622531414032
638,0.10369300842285156,0.9716231822967529,0.10950782150030136,0.966622531414032
639,0.10360433906316757,0.9716799259185791,0.10942202061414719,0.966622531414032
640,0.10351487249135971,0.9716799259185791,0.1093362495303154,0.966622531414032
641,0.1034281775355339,0.9717366695404053,0.10925868898630142,0.966622531414032
642,0.10334005206823349,0.9717366695404053,0.10917549580335617,0.966622531414032
643,0.10325336456298828,0.9717366695404053,0.10909467935562134,0.966622531414032
644,0.10316625237464905,0.9717366695404053,0.10901513695716858,0.966622531414032
645,0.10307801514863968,0.9717366695404053,0.1089310497045517,0.966622531414032
646,0.102989561855793,0.9717934131622314,0.108851358294487,0.966622531414032
647,0.10290464013814926,0.9718501567840576,0.10877332836389542,0.9663575887680054
648,0.10281746834516525,0.9719069004058838,0.10868813097476959,0.9663575887680054
649,0.10272903740406036,0.9719069004058838,0.108603835105896,0.9663575887680054
650,0.10264284908771515,0.9719069004058838,0.10852499306201935,0.9663575887680054
651,0.10255884379148483,0.9719069004058838,0.10844406485557556,0.9663575887680054
652,0.10247521847486496,0.9719637036323547,0.10836686939001083,0.9663575887680054
653,0.10238882154226303,0.9719637036323547,0.10828456282615662,0.9663575887680054
654,0.10230010002851486,0.9719637036323547,0.10820914804935455,0.9663575887680054
655,0.10221590846776962,0.9720204472541809,0.10812725871801376,0.9663575887680054
656,0.10213038325309753,0.9720204472541809,0.10804871469736099,0.966622531414032
657,0.10204558819532394,0.9720204472541809,0.10797067731618881,0.9663575887680054
658,0.10195937752723694,0.9720771908760071,0.10788881778717041,0.966622531414032
659,0.10187812894582748,0.9720771908760071,0.1078118309378624,0.966622531414032
660,0.1017933040857315,0.9720771908760071,0.10772917419672012,0.966622531414032
661,0.10171151161193848,0.9721339344978333,0.10765410214662552,0.966622531414032
662,0.10162602365016937,0.9721339344978333,0.10757383704185486,0.966622531414032
663,0.10154598206281662,0.9721339344978333,0.10750239342451096,0.966622531414032
664,0.10145875066518784,0.9722474217414856,0.10742669552564621,0.966622531414032
665,0.10137558728456497,0.9722474217414856,0.10734733939170837,0.9668874144554138
666,0.1012924462556839,0.9723042249679565,0.10726717859506607,0.9668874144554138
667,0.10121076554059982,0.9724177122116089,0.10718783736228943,0.9668874144554138
668,0.10112737119197845,0.9724177122116089,0.10710600763559341,0.9668874144554138
669,0.10104182362556458,0.9724177122116089,0.10703366249799728,0.9668874144554138
670,0.1009620875120163,0.9724177122116089,0.10695338249206543,0.9668874144554138
671,0.10087928920984268,0.9724177122116089,0.10688026994466782,0.9668874144554138
672,0.10079636424779892,0.9724177122116089,0.1068006083369255,0.9668874144554138
673,0.10071413964033127,0.9724744558334351,0.10671929270029068,0.9668874144554138
674,0.10063524544239044,0.9725311994552612,0.10664557665586472,0.9668874144554138
675,0.10055126994848251,0.9725311994552612,0.10657155513763428,0.9668874144554138
676,0.10047022253274918,0.9727014899253845,0.10649401694536209,0.9674172401428223
677,0.1003866121172905,0.9726447463035583,0.10641942173242569,0.9676821231842041
678,0.10030928999185562,0.9727014899253845,0.10634420812129974,0.9674172401428223
679,0.10022351145744324,0.9727582335472107,0.10626576095819473,0.9674172401428223
680,0.10014481097459793,0.9727582335472107,0.10619541257619858,0.9674172401428223
681,0.10006190836429596,0.9728149771690369,0.10611722618341446,0.9676821231842041
682,0.09998086839914322,0.9728149771690369,0.10603675991296768,0.9676821231842041
683,0.09989871084690094,0.9728149771690369,0.1059667319059372,0.9679470062255859
684,0.09982070326805115,0.972871720790863,0.10589271038770676,0.9679470062255859
685,0.09974217414855957,0.9729284644126892,0.10581467300653458,0.9682119488716125
686,0.09966079145669937,0.972871720790863,0.10574456304311752,0.9682119488716125
687,0.099579818546772,0.9729284644126892,0.10566975176334381,0.9682119488716125
688,0.09950341284275055,0.9729852676391602,0.10559221357107162,0.9684768319129944
689,0.09942394495010376,0.9730420112609863,0.10552269220352173,0.9684768319129944
690,0.09935019165277481,0.9730420112609863,0.10545150190591812,0.9684768319129944
691,0.09926524013280869,0.9730987548828125,0.10536735504865646,0.9682119488716125
692,0.09918355196714401,0.9730987548828125,0.10529519617557526,0.9684768319129944
693,0.09910675138235092,0.9730987548828125,0.1052284985780716,0.9687417149543762
694,0.09902750700712204,0.9731554985046387,0.10514732450246811,0.9687417149543762
695,0.09895119816064835,0.9731554985046387,0.10507210344076157,0.9684768319129944
696,0.09887049347162247,0.9732122421264648,0.10500480234622955,0.9687417149543762
697,0.09879375994205475,0.9732122421264648,0.1049291118979454,0.9687417149543762
698,0.0987149178981781,0.9732122421264648,0.10485830903053284,0.9684768319129944
699,0.0986374095082283,0.9732122421264648,0.10478897392749786,0.9687417149543762
700,0.09855598956346512,0.9732122421264648,0.10470692068338394,0.9687417149543762
701,0.09847783297300339,0.973325788974762,0.1046362966299057,0.9687417149543762
702,0.09840398281812668,0.973268985748291,0.10456985235214233,0.9687417149543762
703,0.09832780808210373,0.9733825325965881,0.10449977964162827,0.9684768319129944
704,0.09825287759304047,0.9733825325965881,0.10442420095205307,0.9687417149543762
705,0.09817672520875931,0.9734392762184143,0.10434979200363159,0.9687417149543762
706,0.09809834510087967,0.9735527634620667,0.10428426414728165,0.9687417149543762
707,0.09801894426345825,0.9735527634620667,0.10421466827392578,0.9687417149543762
708,0.09794631600379944,0.9735527634620667,0.10413262248039246,0.9687417149543762
709,0.09786874055862427,0.9735527634620667,0.10406607389450073,0.9687417149543762
710,0.09779463708400726,0.9735527634620667,0.10398802906274796,0.9690065979957581
711,0.0977146103978157,0.9736095070838928,0.10392820090055466,0.9692715406417847
712,0.09764014929533005,0.9736095070838928,0.10385222733020782,0.9692715406417847
713,0.09756341576576233,0.9737230539321899,0.10378412902355194,0.9692715406417847
714,0.09749020636081696,0.9736663103103638,0.10370957106351852,0.9692715406417847
715,0.09741498529911041,0.9737230539321899,0.10364387929439545,0.9692715406417847
716,0.09733697772026062,0.9737230539321899,0.10356922447681427,0.9692715406417847
717,0.09726344794034958,0.9737230539321899,0.10349852591753006,0.9692715406417847
718,0.09718557447195053,0.9737230539321899,0.10342775285243988,0.9692715406417847
719,0.09711356461048126,0.9737230539321899,0.10335999727249146,0.9690065979957581
720,0.09703956544399261,0.9737230539321899,0.10328835994005203,0.9690065979957581
721,0.09696299582719803,0.9737230539321899,0.1032189279794693,0.9690065979957581
722,0.09689007699489594,0.9737230539321899,0.10314785689115524,0.9690065979957581
723,0.09681450575590134,0.9737797975540161,0.10308020561933517,0.9690065979957581
724,0.09673960506916046,0.9737230539321899,0.10301081836223602,0.9690065979957581
725,0.09666236490011215,0.9737797975540161,0.10294602811336517,0.9690065979957581
726,0.09658867120742798,0.9739500284194946,0.10286999493837357,0.9690065979957581
727,0.09651824086904526,0.9739500284194946,0.10280577093362808,0.9690065979957581
728,0.09644671529531479,0.9741203188896179,0.10273363441228867,0.9690065979957581
729,0.09637220948934555,0.9741203188896179,0.10266619920730591,0.9690065979957581
730,0.0962982028722763,0.9741770625114441,0.10259419679641724,0.9690065979957581
731,0.09622533619403839,0.9741770625114441,0.10252922773361206,0.9690065979957581
732,0.0961540937423706,0.9742338061332703,0.1024581789970398,0.9690065979957581
733,0.09607920795679092,0.9742338061332703,0.10239671915769577,0.9690065979957581
734,0.09600657969713211,0.9742338061332703,0.10231979191303253,0.9690065979957581
735,0.09593327343463898,0.9742338061332703,0.10225794464349747,0.9690065979957581
736,0.0958607941865921,0.9742338061332703,0.10218719393014908,0.9690065979957581
737,0.09578774124383926,0.9742905497550964,0.10212182253599167,0.9692715406417847
738,0.09571903944015503,0.9742338061332703,0.10205292701721191,0.9690065979957581
739,0.09564709663391113,0.9742338061332703,0.10198356211185455,0.9692715406417847
740,0.09557419270277023,0.9742338061332703,0.10191769897937775,0.9690065979957581
741,0.09550397098064423,0.9742338061332703,0.10185737907886505,0.9692715406417847
742,0.09543343633413315,0.9743473529815674,0.10178284347057343,0.9695364236831665
743,0.09536013752222061,0.9744040966033936,0.10171837359666824,0.9695364236831665
744,0.09528633952140808,0.9744608402252197,0.10165516287088394,0.9695364236831665
745,0.09521596133708954,0.9744608402252197,0.1015901044011116,0.9695364236831665
746,0.0951497033238411,0.9744608402252197,0.10151448845863342,0.9695364236831665
747,0.09508012235164642,0.9745175838470459,0.1014508455991745,0.9695364236831665
748,0.09500398486852646,0.9745175838470459,0.10138484090566635,0.9695364236831665
749,0.09493260830640793,0.9745175838470459,0.10132277756929398,0.9695364236831665
750,0.09485936164855957,0.9745743274688721,0.10125235468149185,0.9695364236831665
751,0.09479116648435593,0.9745743274688721,0.10118233412504196,0.9695364236831665
752,0.09471893310546875,0.9745743274688721,0.10111705213785172,0.9695364236831665
753,0.0946517288684845,0.974631130695343,0.10105020552873611,0.9695364236831665
754,0.09458352625370026,0.974631130695343,0.10098659992218018,0.9695364236831665
755,0.09451107680797577,0.9745743274688721,0.10092721879482269,0.9698013067245483
756,0.09444021433591843,0.9745743274688721,0.1008542999625206,0.9698013067245483
757,0.09436894208192825,0.974631130695343,0.1007964164018631,0.9698013067245483
758,0.09430118650197983,0.9746878743171692,0.10073019564151764,0.9698013067245483
759,0.09423528611660004,0.974631130695343,0.1006665751338005,0.9698013067245483
760,0.09416431933641434,0.974631130695343,0.10059897601604462,0.9698013067245483
761,0.09409467875957489,0.9746878743171692,0.10053195804357529,0.9698013067245483
762,0.09403018653392792,0.9746878743171692,0.10046744346618652,0.9698013067245483
763,0.09395691752433777,0.9746878743171692,0.10040739923715591,0.9698013067245483
764,0.09388706833124161,0.9746878743171692,0.10034014284610748,0.9698013067245483
765,0.09382058680057526,0.9747446179389954,0.10026929527521133,0.9698013067245483
766,0.09375099837779999,0.9747446179389954,0.10020464658737183,0.9698013067245483
767,0.09368402510881424,0.9747446179389954,0.10014642030000687,0.9698013067245483
768,0.09361380338668823,0.9747446179389954,0.10008350759744644,0.9698013067245483
769,0.0935472697019577,0.9747446179389954,0.10001674294471741,0.9698013067245483
770,0.09347590804100037,0.9747446179389954,0.09995406121015549,0.9698013067245483
771,0.09340916574001312,0.9747446179389954,0.09989124536514282,0.9698013067245483
772,0.09334473311901093,0.9747446179389954,0.09982570260763168,0.970066249370575
773,0.09327708929777145,0.9747446179389954,0.09976617991924286,0.9703311324119568
774,0.09320901334285736,0.9748581051826477,0.09969479590654373,0.9703311324119568
775,0.09313976019620895,0.9748581051826477,0.0996348112821579,0.9705960154533386
776,0.09307016432285309,0.9749148488044739,0.09957755357027054,0.9705960154533386
777,0.09300767630338669,0.9748581051826477,0.09951172024011612,0.9705960154533386
778,0.09294329583644867,0.9749148488044739,0.09945085644721985,0.9705960154533386
779,0.09287223219871521,0.9749148488044739,0.09938588738441467,0.9708608984947205
780,0.09280762821435928,0.9749148488044739,0.09932579100131989,0.9708608984947205
781,0.0927402526140213,0.9749716520309448,0.09926240146160126,0.9708608984947205
782,0.09267473965883255,0.9750851392745972,0.09920374304056168,0.9708608984947205
783,0.09260554611682892,0.975028395652771,0.09914111346006393,0.9708608984947205
784,0.09254122525453568,0.975028395652771,0.0990784615278244,0.9708608984947205
785,0.09247603267431259,0.975028395652771,0.09901393204927444,0.9708608984947205
786,0.09240636229515076,0.9751418828964233,0.0989472046494484,0.9708608984947205
787,0.0923413410782814,0.9751986265182495,0.09889134019613266,0.9708608984947205
788,0.09227672964334488,0.9751986265182495,0.09882927685976028,0.9708608984947205
789,0.09221407026052475,0.9751418828964233,0.0987573117017746,0.9708608984947205
790,0.09214318543672562,0.9751986265182495,0.09869895875453949,0.9708608984947205
791,0.09207718074321747,0.9752553701400757,0.09864134341478348,0.9708608984947205
792,0.09201472252607346,0.9752553701400757,0.09858505427837372,0.9708608984947205
793,0.09195048362016678,0.9752553701400757,0.0985214039683342,0.9708608984947205
794,0.0918862447142601,0.9753121733665466,0.09845753759145737,0.9708608984947205
795,0.09182004630565643,0.9753121733665466,0.09839904308319092,0.9708608984947205
796,0.09175580739974976,0.9753121733665466,0.09833566099405289,0.9708608984947205
797,0.09168869256973267,0.9753689169883728,0.09827068448066711,0.9708608984947205
798,0.0916268453001976,0.9753689169883728,0.09821569919586182,0.9708608984947205
799,0.09156248718500137,0.975425660610199,0.09815051406621933,0.9708608984947205
800,0.09149577468633652,0.975425660610199,0.09810080379247665,0.9708608984947205
801,0.09143448621034622,0.975425660610199,0.09803562611341476,0.9708608984947205
802,0.09136978536844254,0.975425660610199,0.09797503054141998,0.9708608984947205
803,0.09130331128835678,0.975425660610199,0.09791696071624756,0.9708608984947205
804,0.09124157577753067,0.975425660610199,0.09785356372594833,0.9708608984947205
805,0.09117808192968369,0.9754824042320251,0.09779565781354904,0.9708608984947205
806,0.09111403673887253,0.9755391478538513,0.09774111956357956,0.9708608984947205
807,0.09104802459478378,0.9755958914756775,0.09767363220453262,0.9708608984947205
808,0.09098443388938904,0.9756526947021484,0.09761476516723633,0.9708608984947205
809,0.09092509001493454,0.9756526947021484,0.09754782915115356,0.9708608984947205
810,0.09085966646671295,0.9755958914756775,0.09749257564544678,0.9708608984947205
811,0.09079321473836899,0.9755958914756775,0.09743282198905945,0.9711258411407471
812,0.0907307118177414,0.9755958914756775,0.09737516194581985,0.9711258411407471
813,0.09066862612962723,0.9757094383239746,0.09731540083885193,0.9711258411407471
814,0.09060654789209366,0.9757094383239746,0.09725913405418396,0.9711258411407471
815,0.09054131805896759,0.9757094383239746,0.09719821065664291,0.9711258411407471
816,0.09047801792621613,0.9757094383239746,0.09714023768901825,0.9711258411407471
817,0.09041918814182281,0.9757094383239746,0.09708365052938461,0.9711258411407471
818,0.09036046266555786,0.9757661819458008,0.0970209389925003,0.9711258411407471
819,0.0902940034866333,0.9757094383239746,0.0969669446349144,0.9711258411407471
820,0.09023280441761017,0.9757661819458008,0.09690840542316437,0.9711258411407471
821,0.09017252177000046,0.9757094383239746,0.09684773534536362,0.9711258411407471
822,0.09010680019855499,0.9757661819458008,0.0967893972992897,0.9711258411407471
823,0.0900474339723587,0.9757094383239746,0.09673569351434708,0.9711258411407471
824,0.08998490869998932,0.9757661819458008,0.09667131304740906,0.9711258411407471
825,0.08991983532905579,0.9758796691894531,0.09661218523979187,0.9711258411407471
826,0.08985944837331772,0.9758796691894531,0.09655928611755371,0.9711258411407471
827,0.08979598432779312,0.9758796691894531,0.09650137275457382,0.9711258411407471
828,0.08974014222621918,0.9758796691894531,0.09644076228141785,0.9711258411407471
829,0.089680016040802,0.9758796691894531,0.09638650715351105,0.9711258411407471
830,0.08961643278598785,0.9758796691894531,0.09632571041584015,0.9711258411407471
831,0.08955416828393936,0.9758796691894531,0.09627348929643631,0.9711258411407471
832,0.0894940122961998,0.9758796691894531,0.09621043503284454,0.9711258411407471
833,0.08943553268909454,0.9758796691894531,0.0961545929312706,0.9711258411407471
834,0.0893721655011177,0.9758796691894531,0.0960974246263504,0.9711258411407471
835,0.08930965512990952,0.9758796691894531,0.09603924304246902,0.9711258411407471
836,0.08924873173236847,0.9758796691894531,0.09597904980182648,0.9711258411407471
837,0.08918929100036621,0.9758796691894531,0.09592851251363754,0.9711258411407471
838,0.08913223445415497,0.9758796691894531,0.09587068855762482,0.9711258411407471
839,0.08907172828912735,0.9758796691894531,0.09580688178539276,0.9711258411407471
840,0.089008629322052,0.9758796691894531,0.09575448930263519,0.9711258411407471
841,0.08894765377044678,0.9758796691894531,0.09570230543613434,0.9711258411407471
842,0.08889056742191315,0.9758796691894531,0.09564574062824249,0.9713907241821289
843,0.08883096277713776,0.9759364128112793,0.09558956325054169,0.9713907241821289
844,0.08876670897006989,0.9758796691894531,0.09553396701812744,0.9713907241821289
845,0.08870978653430939,0.9758796691894531,0.09547241777181625,0.9716556072235107
846,0.08865323662757874,0.9759364128112793,0.09541624039411545,0.9716556072235107
847,0.08859633654356003,0.9759364128112793,0.09536118805408478,0.9716556072235107
848,0.08853235840797424,0.9759364128112793,0.0953119546175003,0.9716556072235107
849,0.08847042173147202,0.9758796691894531,0.09525166451931,0.9716556072235107
850,0.0884125605225563,0.9759932160377502,0.09519747644662857,0.9716556072235107
851,0.08835761994123459,0.9760499596595764,0.09514019638299942,0.9716556072235107
852,0.08829941600561142,0.9759932160377502,0.0950859934091568,0.9716556072235107
853,0.0882367342710495,0.9760499596595764,0.09503242373466492,0.9716556072235107
854,0.0881776213645935,0.9760499596595764,0.0949733629822731,0.9716556072235107
855,0.08812042325735092,0.9760499596595764,0.09491528570652008,0.9716556072235107
856,0.0880601704120636,0.9760499596595764,0.09485513716936111,0.9716556072235107
857,0.0880015417933464,0.9760499596595764,0.0948081687092781,0.9716556072235107
858,0.08794476091861725,0.9760499596595764,0.0947566032409668,0.9716556072235107
859,0.08788850903511047,0.9760499596595764,0.09470055252313614,0.9716556072235107
860,0.08782900124788284,0.9760499596595764,0.09464501589536667,0.9716556072235107
861,0.08777347952127457,0.9760499596595764,0.09458804130554199,0.9716556072235107
862,0.08771858364343643,0.9760499596595764,0.09453937411308289,0.9716556072235107
863,0.08765602856874466,0.9760499596595764,0.09448238462209702,0.9716556072235107
864,0.08759898692369461,0.9760499596595764,0.0944301187992096,0.9716556072235107
865,0.08754128962755203,0.9761634469032288,0.0943714901804924,0.9716556072235107
866,0.08748670667409897,0.9761634469032288,0.09431532025337219,0.9716556072235107
867,0.08742626756429672,0.9761634469032288,0.09425731003284454,0.9716556072235107
868,0.08736679702997208,0.9761634469032288,0.09421122819185257,0.9716556072235107
869,0.08731069415807724,0.9761634469032288,0.09415878355503082,0.9716556072235107
870,0.08725328743457794,0.9761634469032288,0.09410146623849869,0.9716556072235107
871,0.08719614148139954,0.9761634469032288,0.09405052661895752,0.9716556072235107
872,0.08713948726654053,0.9762201905250549,0.09399329870939255,0.9719205498695374
873,0.08708284795284271,0.9762769341468811,0.09393946826457977,0.9719205498695374
874,0.08702395111322403,0.9762769341468811,0.09389391541481018,0.9719205498695374
875,0.08696801215410233,0.9762201905250549,0.09382785856723785,0.9719205498695374
876,0.08691368997097015,0.9762769341468811,0.09378214180469513,0.9721854329109192
877,0.08685626089572906,0.9762769341468811,0.09372341632843018,0.9721854329109192
878,0.08679961413145065,0.9762769341468811,0.09366891533136368,0.9721854329109192
879,0.08674365282058716,0.976333737373352,0.09362103790044785,0.9721854329109192
880,0.0866863951086998,0.976333737373352,0.09356933832168579,0.9721854329109192
881,0.08663269132375717,0.976333737373352,0.09351734817028046,0.9719205498695374
882,0.08657507598400116,0.9763904809951782,0.09346005320549011,0.9721854329109192
883,0.08651807904243469,0.9764472246170044,0.0934099480509758,0.9721854329109192
884,0.08646037429571152,0.9764472246170044,0.09335777908563614,0.9721854329109192
885,0.08640529960393906,0.9763904809951782,0.09330500662326813,0.9721854329109192
886,0.08635043352842331,0.9764472246170044,0.09324727952480316,0.9721854329109192
887,0.08629235625267029,0.9765039682388306,0.09320114552974701,0.9721854329109192
888,0.08624003082513809,0.9765039682388306,0.09313862025737762,0.9721854329109192
889,0.08618100732564926,0.9765039682388306,0.09308907389640808,0.9721854329109192
890,0.08613118529319763,0.9765039682388306,0.09303907305002213,0.9719205498695374
891,0.0860782042145729,0.9764472246170044,0.09299001097679138,0.9721854329109192
892,0.08602093160152435,0.9765039682388306,0.09293501824140549,0.9721854329109192
893,0.08596285432577133,0.9765039682388306,0.09288594126701355,0.9721854329109192
894,0.0859055444598198,0.9765039682388306,0.09283514320850372,0.9719205498695374
895,0.08585192263126373,0.9765039682388306,0.09278278797864914,0.9716556072235107
896,0.08579806983470917,0.9765607118606567,0.09272544085979462,0.9716556072235107
897,0.08574341237545013,0.9765607118606567,0.09267830103635788,0.9719205498695374
898,0.08568929135799408,0.9765607118606567,0.09262444823980331,0.9716556072235107
899,0.08563676476478577,0.9765039682388306,0.0925743579864502,0.9716556072235107
900,0.08558090776205063,0.9765607118606567,0.09252247959375381,0.9716556072235107
901,0.08552498370409012,0.9765607118606567,0.0924711748957634,0.9716556072235107
902,0.08547376096248627,0.9766174554824829,0.09241483360528946,0.9716556072235107
903,0.08541812002658844,0.9765607118606567,0.09237125515937805,0.9716556072235107
904,0.08536598086357117,0.9766174554824829,0.09230954945087433,0.9716556072235107
905,0.08531205356121063,0.9766174554824829,0.09226740151643753,0.9716556072235107
906,0.08525250852108002,0.9766174554824829,0.09221500903367996,0.9716556072235107
907,0.08520226925611496,0.9766174554824829,0.09216052293777466,0.9716556072235107
908,0.08514749258756638,0.9766742587089539,0.09211160242557526,0.9716556072235107
909,0.0850919708609581,0.9766742587089539,0.09206504374742508,0.9716556072235107
910,0.08503883332014084,0.9766742587089539,0.092007577419281,0.9716556072235107
911,0.08498688042163849,0.97673100233078,0.09196478873491287,0.9716556072235107
912,0.08493445813655853,0.97673100233078,0.09191296249628067,0.9716556072235107
913,0.0848805159330368,0.9766742587089539,0.09185902029275894,0.9716556072235107
914,0.08482705801725388,0.97673100233078,0.09181209653615952,0.9716556072235107
915,0.08477196842432022,0.97673100233078,0.09175757318735123,0.9716556072235107
916,0.08471834659576416,0.97673100233078,0.09171342849731445,0.9716556072235107
917,0.08466637879610062,0.97673100233078,0.09166020154953003,0.9716556072235107
918,0.08461906760931015,0.9767877459526062,0.0916106179356575,0.9716556072235107
919,0.0845627710223198,0.97673100233078,0.09155835211277008,0.9716556072235107
920,0.08450603485107422,0.9767877459526062,0.09150727838277817,0.9716556072235107
921,0.0844559445977211,0.9767877459526062,0.09145950525999069,0.9716556072235107
922,0.08440250903367996,0.9767877459526062,0.09140836447477341,0.9716556072235107
923,0.08435153216123581,0.9767877459526062,0.09135976433753967,0.9716556072235107
924,0.08429840207099915,0.9767877459526062,0.09131123125553131,0.9716556072235107
925,0.08424344658851624,0.9767877459526062,0.09126313030719757,0.9716556072235107
926,0.08419113606214523,0.9767877459526062,0.09121581166982651,0.9716556072235107
927,0.08414244651794434,0.9767877459526062,0.09116031974554062,0.9716556072235107
928,0.0840890109539032,0.9768444895744324,0.09111160039901733,0.9716556072235107
929,0.08403706550598145,0.9767877459526062,0.09106607735157013,0.9716556072235107
930,0.08398337662220001,0.9768444895744324,0.09101416170597076,0.9716556072235107
931,0.08393076807260513,0.9768444895744324,0.09096363186836243,0.9716556072235107
932,0.08387809246778488,0.9769012331962585,0.09092185646295547,0.9719205498695374
933,0.08383096754550934,0.9769579768180847,0.09086807072162628,0.9716556072235107
934,0.08377856016159058,0.9769579768180847,0.09081937372684479,0.9716556072235107
935,0.08372606337070465,0.9770715236663818,0.09076804667711258,0.9716556072235107
936,0.0836755707859993,0.9770715236663818,0.09071914106607437,0.9719205498695374
937,0.08362139761447906,0.977128267288208,0.09067969024181366,0.9719205498695374
938,0.08356911689043045,0.977128267288208,0.09062785655260086,0.9719205498695374
939,0.08352013677358627,0.977128267288208,0.09057790786027908,0.9719205498695374
940,0.08346972614526749,0.9771850109100342,0.09052532911300659,0.9719205498695374
941,0.08341440558433533,0.977128267288208,0.09047847241163254,0.9719205498695374
942,0.0833655372262001,0.9771850109100342,0.09042859822511673,0.9719205498695374
943,0.08331551402807236,0.9772417545318604,0.09038098901510239,0.9719205498695374
944,0.08326312154531479,0.9771850109100342,0.09033223241567612,0.9719205498695374
945,0.0832156166434288,0.9772417545318604,0.09028641879558563,0.9719205498695374
946,0.0831630602478981,0.9773553013801575,0.09023616462945938,0.9719205498695374
947,0.0831112489104271,0.9772417545318604,0.0901888981461525,0.9719205498695374
948,0.08306135982275009,0.9772984981536865,0.09014168381690979,0.9719205498695374
949,0.08301310986280441,0.9773553013801575,0.09009336680173874,0.9719205498695374
950,0.08296217769384384,0.9772984981536865,0.09004242718219757,0.9719205498695374
951,0.08291082829236984,0.9772984981536865,0.08999809622764587,0.9719205498695374
952,0.08285994082689285,0.9773553013801575,0.08994230628013611,0.9719205498695374
953,0.08281102776527405,0.9772984981536865,0.08990365266799927,0.9719205498695374
954,0.0827614888548851,0.9772984981536865,0.08986182510852814,0.9719205498695374
955,0.0827089175581932,0.9772984981536865,0.08980386704206467,0.9719205498695374
956,0.08266095072031021,0.9773553013801575,0.08976065367460251,0.9719205498695374
957,0.08260837197303772,0.9773553013801575,0.08971802890300751,0.9719205498695374
958,0.08256018161773682,0.9773553013801575,0.08966738730669022,0.9719205498695374
959,0.08250941336154938,0.9773553013801575,0.08962070196866989,0.9719205498695374
960,0.08246147632598877,0.9773553013801575,0.08956929296255112,0.9719205498695374
961,0.08241067826747894,0.9773553013801575,0.08952073752880096,0.9719205498695374
962,0.08235915750265121,0.9774120450019836,0.08947523683309555,0.9719205498695374
963,0.082313172519207,0.9774120450019836,0.08943570405244827,0.9719205498695374
964,0.08226215094327927,0.9774120450019836,0.08938457816839218,0.9719205498695374
965,0.082212433218956,0.9774120450019836,0.08934188634157181,0.9719205498695374
966,0.08216121047735214,0.9774120450019836,0.08929373323917389,0.9719205498695374
967,0.08211512118577957,0.9774120450019836,0.08924797177314758,0.9719205498695374
968,0.08206794410943985,0.9774120450019836,0.08919813483953476,0.9719205498695374
969,0.08201690018177032,0.9774120450019836,0.08915577828884125,0.9719205498695374
970,0.08196471631526947,0.9774120450019836,0.08911147713661194,0.9719205498695374
971,0.08191830664873123,0.9774120450019836,0.08906078338623047,0.9719205498695374
972,0.08186950534582138,0.9774120450019836,0.0890156701207161,0.9719205498695374
973,0.08182073384523392,0.9774120450019836,0.08896497637033463,0.9719205498695374
974,0.08177077025175095,0.9774120450019836,0.08892172574996948,0.9719205498695374
975,0.08172310888767242,0.9774120450019836,0.08887665718793869,0.9719205498695374
976,0.08167752623558044,0.9774120450019836,0.08883003145456314,0.9719205498695374
977,0.08162882924079895,0.9774120450019836,0.08878295868635178,0.9721854329109192
978,0.0815766453742981,0.9774120450019836,0.08873904496431351,0.9721854329109192
979,0.08152785152196884,0.9774120450019836,0.08868899196386337,0.9721854329109192
980,0.08148552477359772,0.9774120450019836,0.08864326030015945,0.9721854329109192
981,0.08143366128206253,0.9774120450019836,0.08860038220882416,0.9721854329109192
982,0.08138344436883926,0.9774687886238098,0.08855614066123962,0.9721854329109192
983,0.08133723586797714,0.9774687886238098,0.0885109230875969,0.9721854329109192
984,0.08128947019577026,0.9774687886238098,0.08846256881952286,0.9721854329109192
985,0.08124258369207382,0.9774687886238098,0.08842089027166367,0.9721854329109192
986,0.08119329810142517,0.9774687886238098,0.08836962282657623,0.9721854329109192
987,0.08114666491746902,0.9774687886238098,0.08832640945911407,0.9721854329109192
988,0.08109874278306961,0.9775822758674622,0.08828525245189667,0.9721854329109192
989,0.08104877918958664,0.977525532245636,0.08823549747467041,0.9721854329109192
990,0.08100298792123795,0.9775822758674622,0.08818791061639786,0.9721854329109192
991,0.08095694333314896,0.9776390194892883,0.08814604580402374,0.9721854329109192
992,0.08090865612030029,0.9776958227157593,0.0881006270647049,0.9721854329109192
993,0.08086004108190536,0.9777525663375854,0.08805239200592041,0.9721854329109192
994,0.08080940693616867,0.9777525663375854,0.08801423013210297,0.9721854329109192
995,0.08076692372560501,0.9778093099594116,0.08796759694814682,0.9721854329109192
996,0.080718494951725,0.9777525663375854,0.08792531490325928,0.9721854329109192
997,0.0806732252240181,0.9778660535812378,0.08788404613733292,0.9721854329109192
998,0.0806243047118187,0.9778660535812378,0.08783339709043503,0.9721854329109192
999,0.08057911694049835,0.977922797203064,0.0877833366394043,0.972450315952301
