"(array([0.98540443, 0.42182323, 0.13304862, 0.92793506, 0.29907238],
      dtype=float32),)"
"(array([0.9001476, 0.7193792, 0.9201842, 0.8633851, 0.5637656],
      dtype=float32),)"
"(array([0.99878377, 0.9713486 , 0.62712926, 0.99793017, 0.4053537 ],
      dtype=float32),)"
"(array([0.97512734, 0.4307446 , 0.9007524 , 0.96731234, 0.4990932 ],
      dtype=float32),)"
"(array([0.9977506, 0.9538347, 0.3517018, 0.9980855, 0.5463559],
      dtype=float32),)"
"(array([0.3428716 , 0.53433585, 0.08067426, 0.28087005, 0.19503583],
      dtype=float32),)"
"(array([0.19415365, 0.67373586, 0.00549746, 0.14220966, 0.13033877],
      dtype=float32),)"
"(array([0.3388433 , 0.3941116 , 0.00163982, 0.3222152 , 0.21217172],
      dtype=float32),)"
"(array([0.99979407, 0.9504726 , 0.38099793, 0.9999522 , 0.9678016 ],
      dtype=float32),)"
"(array([0.9912435 , 0.19114043, 0.72216326, 0.992124  , 0.8165686 ],
      dtype=float32),)"
"(array([0.97610056, 0.93789357, 0.03311812, 0.9663166 , 0.45447043],
      dtype=float32),)"
"(array([0.9985758, 0.5501892, 0.8815518, 0.9988211, 0.8328776],
      dtype=float32),)"
"(array([0.96004254, 0.9036268 , 0.7114427 , 0.95440966, 0.24206956],
      dtype=float32),)"
"(array([0.27951542, 0.0374563 , 0.11199418, 0.22287636, 0.07130424],
      dtype=float32),)"
"(array([0.91764474, 0.9027487 , 0.04462249, 0.8856513 , 0.51361746],
      dtype=float32),)"
"(array([0.96622866, 0.86718345, 0.07443558, 0.9659108 , 0.84013814],
      dtype=float32),)"
"(array([9.8946196e-01, 8.0290216e-01, 4.7499509e-04, 9.9109733e-01,
       5.9743387e-01], dtype=float32),)"
"(array([0.55734354, 0.45146418, 0.48731515, 0.5254011 , 0.2891194 ],
      dtype=float32),)"
"(array([0.9487389 , 0.6663901 , 0.92584544, 0.943066  , 0.7298762 ],
      dtype=float32),)"
"(array([0.98771566, 0.97570896, 0.00584765, 0.9850187 , 0.48054808],
      dtype=float32),)"
"(array([0.9613332 , 0.86688644, 0.04898131, 0.9588402 , 0.8178464 ],
      dtype=float32),)"
"(array([0.3074942 , 0.07694256, 0.24597055, 0.23854119, 0.06149479],
      dtype=float32),)"
"(array([0.9996382 , 0.50471014, 0.23397233, 0.9996953 , 0.79561746],
      dtype=float32),)"
"(array([0.9085963 , 0.6685426 , 0.85573685, 0.88329643, 0.76284087],
      dtype=float32),)"
"(array([0.98314625, 0.8608168 , 0.00146441, 0.9686281 , 0.6584717 ],
      dtype=float32),)"
"(array([0.9386914 , 0.33271977, 0.73164123, 0.9100006 , 0.30685842],
      dtype=float32),)"
"(array([0.9954259 , 0.37794355, 0.8257038 , 0.9949639 , 0.8096536 ],
      dtype=float32),)"
"(array([0.8662693 , 0.9388162 , 0.00113028, 0.725432  , 0.40997106],
      dtype=float32),)"
"(array([0.949588  , 0.6875533 , 0.92186505, 0.9367164 , 0.73567295],
      dtype=float32),)"
"(array([0.91306585, 0.6125377 , 0.8258042 , 0.88997716, 0.20400955],
      dtype=float32),)"
"(array([0.9772485 , 0.832726  , 0.02815547, 0.9761821 , 0.6774803 ],
      dtype=float32),)"
"(array([0.99998724, 0.9065788 , 0.6152622 , 0.99999094, 0.27732506],
      dtype=float32),)"
"(array([0.91314644, 0.57015926, 0.8146078 , 0.89534116, 0.22738877],
      dtype=float32),)"
"(array([0.99060905, 0.9323053 , 0.10387297, 0.9877329 , 0.7166136 ],
      dtype=float32),)"
"(array([0.18649225, 0.328997  , 0.10080443, 0.18977761, 0.28612378],
      dtype=float32),)"
"(array([0.9962017 , 0.7802128 , 0.80989397, 0.9916294 , 0.29517907],
      dtype=float32),)"
"(array([0.98649514, 0.8960333 , 0.8569766 , 0.98924327, 0.61277574],
      dtype=float32),)"
"(array([0.9942959 , 0.95757467, 0.5464101 , 0.9948266 , 0.4553616 ],
      dtype=float32),)"
"(array([0.96543324, 0.8245316 , 0.01809612, 0.95927197, 0.61365825],
      dtype=float32),)"
"(array([0.2554284 , 0.06210599, 0.18111548, 0.17654262, 0.06191571],
      dtype=float32),)"
"(array([0.99917907, 0.47510922, 0.9365627 , 0.99937075, 0.84770656],
      dtype=float32),)"
"(array([0.88796735, 0.30503404, 0.4278683 , 0.8286263 , 0.21274987],
      dtype=float32),)"
"(array([0.9851473 , 0.8962435 , 0.18598612, 0.98553395, 0.501076  ],
      dtype=float32),)"
"(array([0.94975173, 0.49335605, 0.21281792, 0.9391768 , 0.69035655],
      dtype=float32),)"
"(array([0.95586336, 0.19360372, 0.5953184 , 0.9583918 , 0.66716176],
      dtype=float32),)"
"(array([0.9887242 , 0.8847422 , 0.1674484 , 0.98709744, 0.7356077 ],
      dtype=float32),)"
"(array([0.48608708, 0.38167715, 0.00328297, 0.43428612, 0.34557524],
      dtype=float32),)"
"(array([0.36638078, 0.62152   , 0.2546805 , 0.3293837 , 0.2858314 ],
      dtype=float32),)"
"(array([0.99799526, 0.82655555, 0.37164482, 0.9974843 , 0.5420692 ],
      dtype=float32),)"
"(array([0.8989649 , 0.37886748, 0.8374868 , 0.8983922 , 0.2449055 ],
      dtype=float32),)"
"(array([0.999967  , 0.44199514, 0.9719767 , 0.9999783 , 0.9177395 ],
      dtype=float32),)"
"(array([0.9310194 , 0.32939118, 0.392847  , 0.92568845, 0.66797036],
      dtype=float32),)"
"(array([0.35803652, 0.44202384, 0.22927436, 0.35572916, 0.30699217],
      dtype=float32),)"
"(array([0.9836611 , 0.88000536, 0.9447986 , 0.978509  , 0.7518997 ],
      dtype=float32),)"
"(array([0.32966453, 0.04686449, 0.36629775, 0.26297495, 0.06605438],
      dtype=float32),)"
"(array([0.8018268 , 0.68925005, 0.6936411 , 0.8070219 , 0.33573604],
      dtype=float32),)"
"(array([0.8410853 , 0.26865688, 0.40562758, 0.8085222 , 0.37229204],
      dtype=float32),)"
"(array([0.96927077, 0.93811965, 0.03038563, 0.959435  , 0.64237726],
      dtype=float32),)"
"(array([0.99999595, 0.18013364, 0.9885954 , 0.99999917, 0.88841647],
      dtype=float32),)"
"(array([0.99919814, 0.6297295 , 0.8990192 , 0.9994386 , 0.8596846 ],
      dtype=float32),)"
"(array([0.99209774, 0.4019154 , 0.6445702 , 0.9892952 , 0.75301486],
      dtype=float32),)"
"(array([0.9946109 , 0.7040991 , 0.5693149 , 0.9891745 , 0.25063628],
      dtype=float32),)"
"(array([0.9998746 , 0.96068794, 0.02715346, 0.9998852 , 0.42784867],
      dtype=float32),)"
"(array([0.90736395, 0.80496746, 0.69420403, 0.868347  , 0.63699687],
      dtype=float32),)"
"(array([0.99824417, 0.24908426, 0.8047573 , 0.9982509 , 0.8721102 ],
      dtype=float32),)"
"(array([0.31655556, 0.4780774 , 0.19220781, 0.30135795, 0.26944286],
      dtype=float32),)"
"(array([0.999967  , 0.8315602 , 0.02760185, 0.99997973, 0.28512898],
      dtype=float32),)"
"(array([0.96076936, 0.29260117, 0.5938618 , 0.9527848 , 0.6119455 ],
      dtype=float32),)"
"(array([0.99992085, 0.8209768 , 0.9927262 , 0.99997234, 0.8994742 ],
      dtype=float32),)"
"(array([0.9918184 , 0.21253577, 0.9506613 , 0.9848994 , 0.68211234],
      dtype=float32),)"
"(array([0.93206745, 0.35410482, 0.7068411 , 0.90048224, 0.22841226],
      dtype=float32),)"
"(array([0.9701559 , 0.69866824, 0.8756196 , 0.96859354, 0.29447126],
      dtype=float32),)"
"(array([0.3517888 , 0.35963586, 0.13850655, 0.35049996, 0.3873001 ],
      dtype=float32),)"
"(array([0.84354645, 0.85839224, 0.86141497, 0.70673484, 0.20105515],
      dtype=float32),)"
"(array([0.9226936 , 0.4989946 , 0.8253348 , 0.90982693, 0.19734816],
      dtype=float32),)"
"(array([0.9923955, 0.7454643, 0.9112952, 0.9892736, 0.6398615],
      dtype=float32),)"
"(array([0.45380995, 0.08516706, 0.12635484, 0.24859507, 0.13384718],
      dtype=float32),)"
"(array([0.99699295, 0.9564908 , 0.50243336, 0.99618727, 0.4408074 ],
      dtype=float32),)"
"(array([0.99935204, 0.9280168 , 0.30984044, 0.9989188 , 0.53394324],
      dtype=float32),)"
"(array([0.9989974, 0.8419017, 0.9856674, 0.9987563, 0.8951331],
      dtype=float32),)"
"(array([0.9931912 , 0.33336687, 0.778476  , 0.99554586, 0.73123884],
      dtype=float32),)"
"(array([0.97724754, 0.75080496, 0.9917092 , 0.9856279 , 0.88775337],
      dtype=float32),)"
"(array([0.99351174, 0.16790368, 0.88631463, 0.9917916 , 0.3419304 ],
      dtype=float32),)"
"(array([0.9864049 , 0.25752243, 0.906902  , 0.97479236, 0.54217094],
      dtype=float32),)"
"(array([0.8980025 , 0.74210894, 0.8057473 , 0.8639325 , 0.5998868 ],
      dtype=float32),)"
"(array([9.7010362e-01, 8.5645765e-01, 8.1214408e-04, 9.7471708e-01,
       5.2800912e-01], dtype=float32),)"
"(array([0.58826876, 0.6086361 , 0.38981202, 0.42010635, 0.3318902 ],
      dtype=float32),)"
"(array([0.9857071 , 0.8823654 , 0.07417025, 0.98000723, 0.51217055],
      dtype=float32),)"
"(array([0.9999465 , 0.14435036, 0.7894228 , 0.9999604 , 0.10967557],
      dtype=float32),)"
"(array([0.9628132 , 0.39613497, 0.37833893, 0.96104336, 0.665834  ],
      dtype=float32),)"
"(array([0.8674279 , 0.77889884, 0.06503645, 0.8781577 , 0.01200866],
      dtype=float32),)"
"(array([0.13231923, 0.43469983, 0.17300728, 0.12835689, 0.15756011],
      dtype=float32),)"
"(array([0.9617795 , 0.3111524 , 0.6477699 , 0.9518452 , 0.63375276],
      dtype=float32),)"
"(array([0.94952005, 0.8283313 , 0.02107126, 0.9032244 , 0.5302143 ],
      dtype=float32),)"
"(array([0.2708379 , 0.3689601 , 0.1250866 , 0.27933502, 0.33425176],
      dtype=float32),)"
"(array([0.99568707, 0.74032104, 0.9911509 , 0.99604285, 0.7896632 ],
      dtype=float32),)"
"(array([0.995342  , 0.93445736, 0.49832964, 0.9939296 , 0.45830092],
      dtype=float32),)"
"(array([0.99739337, 0.73405546, 0.9070399 , 0.9971392 , 0.40967613],
      dtype=float32),)"
"(array([0.94817966, 0.730626  , 0.01133943, 0.92186254, 0.5241645 ],
      dtype=float32),)"
"(array([0.93879443, 0.77950263, 0.8284975 , 0.89930254, 0.38031727],
      dtype=float32),)"
"(array([0.98753756, 0.72913295, 0.29730132, 0.98505104, 0.70242286],
      dtype=float32),)"
"(array([0.98108023, 0.5209971 , 0.7163221 , 0.9710688 , 0.2352217 ],
      dtype=float32),)"
"(array([0.99958247, 0.5290238 , 0.25132397, 0.9996164 , 0.73423123],
      dtype=float32),)"
"(array([0.9982083 , 0.42657477, 0.83665246, 0.99848145, 0.83863956],
      dtype=float32),)"
"(array([0.981187  , 0.88847786, 0.8678473 , 0.9800836 , 0.34475008],
      dtype=float32),)"
"(array([0.9876539 , 0.7851416 , 0.00694869, 0.99021673, 0.7059491 ],
      dtype=float32),)"
"(array([0.21807869, 0.0651671 , 0.11012221, 0.13677862, 0.06328267],
      dtype=float32),)"
"(array([0.99062526, 0.9513749 , 0.01445175, 0.97756577, 0.89306027],
      dtype=float32),)"
"(array([0.9956344 , 0.6859931 , 0.30301386, 0.99524057, 0.52465767],
      dtype=float32),)"
"(array([0.99669975, 0.7103675 , 0.21428618, 0.9962154 , 0.504285  ],
      dtype=float32),)"
"(array([0.9925966 , 0.5967402 , 0.09582641, 0.96334004, 0.47248292],
      dtype=float32),)"
"(array([0.8304505 , 0.66795117, 0.90667146, 0.7896002 , 0.63550967],
      dtype=float32),)"
"(array([0.996349  , 0.70560884, 0.84750235, 0.9954809 , 0.21840976],
      dtype=float32),)"
"(array([0.98591435, 0.92954624, 0.01519809, 0.98727036, 0.7071451 ],
      dtype=float32),)"
"(array([0.9976204, 0.3288003, 0.9439774, 0.9985368, 0.6154725],
      dtype=float32),)"
"(array([0.9920923 , 0.9334637 , 0.0072644 , 0.99279755, 0.1224707 ],
      dtype=float32),)"
"(array([0.15669745, 0.2827852 , 0.11441842, 0.17507784, 0.26065743],
      dtype=float32),)"
"(array([0.93228096, 0.48049325, 0.8148854 , 0.91901   , 0.252281  ],
      dtype=float32),)"
"(array([0.9819049 , 0.94262636, 0.01786239, 0.9827565 , 0.7958984 ],
      dtype=float32),)"
"(array([0.9953302 , 0.59052795, 0.9143477 , 0.99543166, 0.75030404],
      dtype=float32),)"
"(array([0.9982535 , 0.31639463, 0.9515741 , 0.99882644, 0.5798609 ],
      dtype=float32),)"
"(array([0.9298274 , 0.6439332 , 0.92991996, 0.92224514, 0.7003044 ],
      dtype=float32),)"
"(array([0.9682511 , 0.42706162, 0.88651556, 0.9572885 , 0.43941674],
      dtype=float32),)"
"(array([0.99150026, 0.9324408 , 0.92588705, 0.9875402 , 0.76436704],
      dtype=float32),)"
"(array([0.50621384, 0.65575194, 0.00073615, 0.35889882, 0.44204965],
      dtype=float32),)"
"(array([0.8697466 , 0.49248198, 0.7365005 , 0.85245246, 0.17052414],
      dtype=float32),)"
"(array([0.98830825, 0.59828043, 0.9464309 , 0.98690796, 0.42489734],
      dtype=float32),)"
"(array([0.95651543, 0.4856783 , 0.9038429 , 0.9506834 , 0.3238836 ],
      dtype=float32),)"
"(array([0.9938386 , 0.5893162 , 0.88233984, 0.994206  , 0.28896132],
      dtype=float32),)"
"(array([0.99900335, 0.91099995, 0.9785728 , 0.99930596, 0.9029819 ],
      dtype=float32),)"
"(array([0.9066597 , 0.8190205 , 0.00112547, 0.59096307, 0.44565687],
      dtype=float32),)"
"(array([0.30003664, 0.6089928 , 0.26697746, 0.25489467, 0.2724742 ],
      dtype=float32),)"
"(array([0.31696746, 0.36281753, 0.10880921, 0.316726  , 0.3058179 ],
      dtype=float32),)"
"(array([0.963908  , 0.31038764, 0.89445215, 0.94405526, 0.4483467 ],
      dtype=float32),)"
"(array([0.5154627 , 0.46667856, 0.00149079, 0.43526635, 0.34880283],
      dtype=float32),)"
"(array([0.9993129 , 0.68088233, 0.9089704 , 0.9992311 , 0.7846548 ],
      dtype=float32),)"
"(array([0.9677723 , 0.81398004, 0.03319753, 0.9485839 , 0.49409777],
      dtype=float32),)"
"(array([0.9993351 , 0.69493914, 0.9791586 , 0.99951327, 0.90349394],
      dtype=float32),)"
"(array([0.9222294 , 0.17276841, 0.18935117, 0.8572618 , 0.24033564],
      dtype=float32),)"
"(array([0.98665154, 0.73358715, 0.20912947, 0.9751483 , 0.7438437 ],
      dtype=float32),)"
"(array([0.9977062 , 0.40429685, 0.97794676, 0.9987255 , 0.6317269 ],
      dtype=float32),)"
"(array([0.24400912, 0.45970556, 0.00401144, 0.23940288, 0.27075964],
      dtype=float32),)"
"(array([0.44944158, 0.52458155, 0.10892265, 0.38932353, 0.24134792],
      dtype=float32),)"
"(array([0.9983919 , 0.27190378, 0.9454093 , 0.9989268 , 0.5508997 ],
      dtype=float32),)"
"(array([0.6021249 , 0.6134827 , 0.02035066, 0.37584358, 0.2716628 ],
      dtype=float32),)"
"(array([0.9988518 , 0.9413397 , 0.99849355, 0.9993197 , 0.961805  ],
      dtype=float32),)"
"(array([0.96590406, 0.22651426, 0.5813115 , 0.9592212 , 0.60391587],
      dtype=float32),)"
"(array([0.9702818 , 0.7967115 , 0.95350903, 0.96037   , 0.836091  ],
      dtype=float32),)"
"(array([0.31276557, 0.5049349 , 0.2797462 , 0.3107121 , 0.2417265 ],
      dtype=float32),)"
"(array([0.99817693, 0.5113556 , 0.95660084, 0.9974589 , 0.7372267 ],
      dtype=float32),)"
"(array([0.9995529 , 0.9903092 , 0.05177585, 0.9987715 , 0.8182776 ],
      dtype=float32),)"
"(array([0.9815151 , 0.26637888, 0.7055927 , 0.9792838 , 0.58278495],
      dtype=float32),)"
"(array([0.97734094, 0.23969156, 0.91014224, 0.96290326, 0.52817523],
      dtype=float32),)"
"(array([0.99202627, 0.5203922 , 0.759475  , 0.9912425 , 0.52094954],
      dtype=float32),)"
"(array([0.247286  , 0.04249206, 0.17930883, 0.2149539 , 0.04038905],
      dtype=float32),)"
"(array([0.98635036, 0.92638093, 0.08995237, 0.98299384, 0.68784237],
      dtype=float32),)"
"(array([0.9999734 , 0.96499115, 0.48753685, 0.9999894 , 0.9867534 ],
      dtype=float32),)"
"(array([0.25363848, 0.04382561, 0.32783785, 0.2092431 , 0.08950765],
      dtype=float32),)"
"(array([0.97230476, 0.62227076, 0.89407074, 0.968613  , 0.30346718],
      dtype=float32),)"
"(array([0.9910028 , 0.9162576 , 0.31937516, 0.9910992 , 0.572305  ],
      dtype=float32),)"
"(array([0.9954495 , 0.37086508, 0.9313936 , 0.991376  , 0.70966536],
      dtype=float32),)"
"(array([0.9929939, 0.9363745, 0.0472542, 0.9929173, 0.8510826],
      dtype=float32),)"
"(array([0.90969294, 0.5165528 , 0.8183069 , 0.8978435 , 0.21676522],
      dtype=float32),)"
"(array([0.91767466, 0.6353767 , 0.05028541, 0.9027386 , 0.687983  ],
      dtype=float32),)"
"(array([0.269559  , 0.34463188, 0.1190216 , 0.2654745 , 0.30023497],
      dtype=float32),)"
"(array([0.12087858, 0.313274  , 0.10102126, 0.12649766, 0.1977366 ],
      dtype=float32),)"
"(array([0.29308397, 0.08218662, 0.23039539, 0.18669552, 0.0850557 ],
      dtype=float32),)"
"(array([0.98043686, 0.94785666, 0.02399392, 0.9597632 , 0.12193731],
      dtype=float32),)"
"(array([0.7195786 , 0.7844509 , 0.01442945, 0.6590156 , 0.06361306],
      dtype=float32),)"
"(array([0.9830193 , 0.4756782 , 0.7152153 , 0.98129696, 0.6595126 ],
      dtype=float32),)"
"(array([0.97297215, 0.16444522, 0.81323785, 0.97525555, 0.5711608 ],
      dtype=float32),)"
"(array([0.90806353, 0.79365885, 0.20667644, 0.78942126, 0.59447306],
      dtype=float32),)"
"(array([0.973369  , 0.915924  , 0.00219897, 0.9369454 , 0.5421068 ],
      dtype=float32),)"
"(array([0.97858375, 0.8074502 , 0.9621578 , 0.9693365 , 0.85339993],
      dtype=float32),)"
"(array([0.64252234, 0.59516424, 0.02383292, 0.57270974, 0.37395248],
      dtype=float32),)"
"(array([0.90277237, 0.86063963, 0.01013005, 0.8102643 , 0.48560068],
      dtype=float32),)"
"(array([0.98181504, 0.5591738 , 0.92955077, 0.9799759 , 0.3876641 ],
      dtype=float32),)"
"(array([0.8830324 , 0.07577626, 0.3790674 , 0.8467665 , 0.3066673 ],
      dtype=float32),)"
"(array([0.9991767 , 0.4311806 , 0.95042306, 0.99937695, 0.8722165 ],
      dtype=float32),)"
"(array([0.817634  , 0.80252475, 0.00852192, 0.82236403, 0.30945918],
      dtype=float32),)"
"(array([0.9915125 , 0.33692914, 0.7907233 , 0.9886834 , 0.7761604 ],
      dtype=float32),)"
"(array([0.39044392, 0.04768459, 0.15817618, 0.19217947, 0.07741871],
      dtype=float32),)"
"(array([0.98575044, 0.30931878, 0.8242022 , 0.9874849 , 0.69517195],
      dtype=float32),)"
"(array([0.9183754 , 0.64281845, 0.05622734, 0.91682947, 0.06334519],
      dtype=float32),)"
"(array([0.99836916, 0.93158996, 0.00380899, 0.9987048 , 0.64747226],
      dtype=float32),)"
"(array([0.6550551 , 0.5393538 , 0.7955066 , 0.54096264, 0.3645569 ],
      dtype=float32),)"
"(array([9.7434026e-01, 8.0514961e-01, 8.4153493e-05, 9.6626776e-01,
       3.7431568e-01], dtype=float32),)"
"(array([0.99631006, 0.53479034, 0.69196206, 0.99652064, 0.7852894 ],
      dtype=float32),)"
"(array([0.9980344 , 0.67747456, 0.6669328 , 0.99812454, 0.79247075],
      dtype=float32),)"
"(array([0.9980988 , 0.8857399 , 0.96492904, 0.99675435, 0.8222778 ],
      dtype=float32),)"
"(array([0.9108255 , 0.14050293, 0.7530219 , 0.9119643 , 0.15273574],
      dtype=float32),)"
"(array([0.97714144, 0.32728508, 0.58750546, 0.97310424, 0.6638679 ],
      dtype=float32),)"
"(array([9.6861726e-01, 7.9733074e-01, 7.8139645e-05, 9.5577097e-01,
       3.5062280e-01], dtype=float32),)"
"(array([0.15082425, 0.0704528 , 0.2022959 , 0.1171535 , 0.05918649],
      dtype=float32),)"
"(array([0.99111474, 0.7777005 , 0.9502162 , 0.9871535 , 0.58241147],
      dtype=float32),)"
"(array([0.9735424 , 0.7636423 , 0.24242385, 0.96760255, 0.7567501 ],
      dtype=float32),)"
"(array([0.9890683 , 0.7828229 , 0.15995316, 0.96507484, 0.7882727 ],
      dtype=float32),)"
"(array([0.9880724 , 0.24463218, 0.9187739 , 0.98866665, 0.72888786],
      dtype=float32),)"
"(array([0.96369606, 0.63471186, 0.59359217, 0.95217884, 0.45801416],
      dtype=float32),)"
"(array([0.9928804, 0.9493782, 0.7434081, 0.9884956, 0.3638246],
      dtype=float32),)"
"(array([0.33336285, 0.06089369, 0.3240626 , 0.28014338, 0.06466088],
      dtype=float32),)"
"(array([0.9541985 , 0.86299133, 0.03350908, 0.9528464 , 0.44317594],
      dtype=float32),)"
"(array([0.85762775, 0.72001815, 0.76434094, 0.80308765, 0.45768565],
      dtype=float32),)"
"(array([0.31566352, 0.07261212, 0.31228665, 0.26234558, 0.05826511],
      dtype=float32),)"
"(array([0.9980526 , 0.74007994, 0.76998395, 0.99762195, 0.29123023],
      dtype=float32),)"
"(array([0.15357737, 0.2878958 , 0.0868448 , 0.17349176, 0.251376  ],
      dtype=float32),)"
"(array([0.94905275, 0.928597  , 0.01571928, 0.9317369 , 0.55287534],
      dtype=float32),)"
"(array([0.9951106 , 0.9368886 , 0.00478444, 0.99777967, 0.53833437],
      dtype=float32),)"
"(array([0.8173861 , 0.7228644 , 0.68102443, 0.8209275 , 0.2956938 ],
      dtype=float32),)"
"(array([8.6783916e-01, 6.3998663e-01, 4.9303885e-04, 8.4397268e-01,
       6.6388816e-01], dtype=float32),)"
"(array([0.14818299, 0.5807402 , 0.00689956, 0.12042382, 0.14835119],
      dtype=float32),)"
"(array([0.9718694 , 0.3150257 , 0.9102879 , 0.9763956 , 0.25790575],
      dtype=float32),)"
"(array([0.9388682 , 0.44863132, 0.8435646 , 0.9168597 , 0.26499   ],
      dtype=float32),)"
"(array([0.993932  , 0.96551615, 0.00214212, 0.9968549 , 0.58667606],
      dtype=float32),)"
"(array([0.99839276, 0.66493726, 0.85064626, 0.9981993 , 0.659019  ],
      dtype=float32),)"
"(array([0.216541  , 0.33122948, 0.12820752, 0.22459699, 0.29667473],
      dtype=float32),)"
"(array([0.99413884, 0.98388654, 0.00550189, 0.9937763 , 0.5578919 ],
      dtype=float32),)"
"(array([0.12999073, 0.41523775, 0.13538964, 0.1270441 , 0.16016799],
      dtype=float32),)"
"(array([0.9218139 , 0.71353525, 0.90036064, 0.89713013, 0.8002247 ],
      dtype=float32),)"
"(array([0.31899312, 0.48012826, 0.35467517, 0.34513783, 0.28169587],
      dtype=float32),)"
"(array([0.9897684 , 0.8090751 , 0.9216127 , 0.9897578 , 0.39570564],
      dtype=float32),)"
"(array([0.9928011 , 0.66140276, 0.21162738, 0.98619646, 0.8200944 ],
      dtype=float32),)"
"(array([0.99978334, 0.19937588, 0.9821723 , 0.9999186 , 0.6584652 ],
      dtype=float32),)"
"(array([0.99989593, 0.922767  , 0.3664073 , 0.99993837, 0.43850583],
      dtype=float32),)"
"(array([0.7050277 , 0.6954193 , 0.6757657 , 0.73641354, 0.36052495],
      dtype=float32),)"
"(array([0.9439967 , 0.88666683, 0.03659578, 0.93834573, 0.6587341 ],
      dtype=float32),)"
"(array([0.5352169 , 0.17102557, 0.42951652, 0.4750216 , 0.33587524],
      dtype=float32),)"
"(array([0.97609544, 0.7665274 , 0.01999848, 0.9689857 , 0.7113853 ],
      dtype=float32),)"
"(array([0.9969253 , 0.24447283, 0.9354191 , 0.99804974, 0.63797593],
      dtype=float32),)"
"(array([0.9851596 , 0.96213114, 0.02339712, 0.98294604, 0.6971677 ],
      dtype=float32),)"
"(array([0.3112954 , 0.07461849, 0.31062308, 0.22758931, 0.08148964],
      dtype=float32),)"
"(array([0.9491835 , 0.39773446, 0.2795504 , 0.94528365, 0.59904045],
      dtype=float32),)"
"(array([0.82185197, 0.71592075, 0.90346485, 0.7648446 , 0.5061337 ],
      dtype=float32),)"
"(array([0.97738963, 0.35060057, 0.9519854 , 0.9721305 , 0.5143742 ],
      dtype=float32),)"
"(array([0.99810886, 0.20636128, 0.93523854, 0.9976792 , 0.8151557 ],
      dtype=float32),)"
"(array([0.98743105, 0.92302334, 0.68164897, 0.9876375 , 0.5509397 ],
      dtype=float32),)"
"(array([0.9999664 , 0.34001   , 0.9863587 , 0.9999765 , 0.90292126],
      dtype=float32),)"
"(array([0.7928735 , 0.7687406 , 0.00951375, 0.7717895 , 0.56396276],
      dtype=float32),)"
"(array([0.9986083 , 0.8860175 , 0.9969432 , 0.9993724 , 0.88302886],
      dtype=float32),)"
"(array([0.29723582, 0.4840595 , 0.32859778, 0.30450162, 0.25852895],
      dtype=float32),)"
"(array([0.99954635, 0.55967516, 0.9376389 , 0.99936634, 0.72867066],
      dtype=float32),)"
"(array([0.93764824, 0.7467882 , 0.94027245, 0.9137762 , 0.6968996 ],
      dtype=float32),)"
"(array([0.9594055 , 0.8671164 , 0.04250441, 0.96036637, 0.8471212 ],
      dtype=float32),)"
"(array([0.8936794 , 0.599637  , 0.9348118 , 0.88288826, 0.650142  ],
      dtype=float32),)"
"(array([0.95792997, 0.89122   , 0.02862342, 0.95764893, 0.6863702 ],
      dtype=float32),)"
"(array([0.9998022, 0.7970336, 0.9639421, 0.9998708, 0.7565766],
      dtype=float32),)"
"(array([0.7379404 , 0.70948386, 0.01275176, 0.72564584, 0.5537444 ],
      dtype=float32),)"
"(array([0.97938365, 0.95917094, 0.00194592, 0.96702933, 0.5335249 ],
      dtype=float32),)"
"(array([0.9956748 , 0.50883245, 0.9200622 , 0.9955129 , 0.8902829 ],
      dtype=float32),)"
"(array([0.1944137 , 0.05338819, 0.23218516, 0.14137301, 0.07884756],
      dtype=float32),)"
"(array([0.99377656, 0.31606254, 0.83772403, 0.9953714 , 0.8459994 ],
      dtype=float32),)"
"(array([0.91348094, 0.90860045, 0.02055256, 0.8798209 , 0.63249093],
      dtype=float32),)"
"(array([0.9952976 , 0.7224159 , 0.6865142 , 0.9870188 , 0.22159867],
      dtype=float32),)"
"(array([0.9324011, 0.8770581, 0.0233124, 0.9235835, 0.6515625],
      dtype=float32),)"
"(array([0.9180791 , 0.47160012, 0.7732784 , 0.90299773, 0.2383311 ],
      dtype=float32),)"
"(array([0.98382634, 0.32363153, 0.6647384 , 0.9798583 , 0.8197275 ],
      dtype=float32),)"
"(array([0.18369338, 0.05822862, 0.230164  , 0.15930817, 0.06102807],
      dtype=float32),)"
"(array([0.9271551 , 0.37385234, 0.6462478 , 0.88175243, 0.22966099],
      dtype=float32),)"
"(array([0.16212963, 0.06618598, 0.2028213 , 0.1237353 , 0.06878508],
      dtype=float32),)"
"(array([0.99876875, 0.8375405 , 0.9923224 , 0.99883455, 0.86208874],
      dtype=float32),)"
"(array([0.8321367 , 0.2612628 , 0.79586726, 0.82303137, 0.17900473],
      dtype=float32),)"
"(array([0.96935713, 0.9074324 , 0.0407215 , 0.9604324 , 0.46816728],
      dtype=float32),)"
"(array([0.9993001 , 0.66806793, 0.05457902, 0.99959725, 0.93844116],
      dtype=float32),)"
"(array([0.9244873 , 0.44304067, 0.7821922 , 0.8883294 , 0.28301635],
      dtype=float32),)"
"(array([0.9913483 , 0.8399428 , 0.78806835, 0.99296016, 0.541986  ],
      dtype=float32),)"
"(array([0.938144  , 0.32086778, 0.45144314, 0.9336298 , 0.69454527],
      dtype=float32),)"
"(array([0.9958911 , 0.38427064, 0.9164385 , 0.9972572 , 0.3468212 ],
      dtype=float32),)"
"(array([0.6019186 , 0.7160051 , 0.14520419, 0.41944876, 0.43856534],
      dtype=float32),)"
"(array([0.99287367, 0.32400283, 0.8769044 , 0.9913667 , 0.68593895],
      dtype=float32),)"
"(array([0.9999627 , 0.9785162 , 0.01206991, 0.99996436, 0.41475806],
      dtype=float32),)"
"(array([0.9529201 , 0.93880737, 0.00345037, 0.9273239 , 0.47715107],
      dtype=float32),)"
"(array([0.8125893 , 0.7129005 , 0.9168407 , 0.76436555, 0.638916  ],
      dtype=float32),)"
"(array([0.9875579 , 0.7901645 , 0.9118188 , 0.98863435, 0.4608144 ],
      dtype=float32),)"
"(array([0.99999857, 0.904     , 0.17293864, 0.99999917, 0.21169892],
      dtype=float32),)"
"(array([0.9999989 , 0.5136477 , 0.9981388 , 0.99999964, 0.58443195],
      dtype=float32),)"
"(array([0.9793307 , 0.8779975 , 0.06203586, 0.96636313, 0.08919349],
      dtype=float32),)"
"(array([0.99426347, 0.27243367, 0.95710355, 0.99253196, 0.7028365 ],
      dtype=float32),)"
"(array([0.99836165, 0.8803939 , 0.9734421 , 0.9988469 , 0.8468226 ],
      dtype=float32),)"
"(array([0.5795813 , 0.07850715, 0.31808266, 0.4045564 , 0.03994942],
      dtype=float32),)"
"(array([0.9136082 , 0.89311486, 0.04645203, 0.88334167, 0.45622852],
      dtype=float32),)"
"(array([0.9997955 , 0.5499996 , 0.2635158 , 0.99986625, 0.8310765 ],
      dtype=float32),)"
"(array([0.95255315, 0.36358976, 0.8129947 , 0.9385411 , 0.25882745],
      dtype=float32),)"
"(array([0.9829086 , 0.48058608, 0.87213427, 0.97409344, 0.4903099 ],
      dtype=float32),)"
"(array([0.99992085, 0.9590223 , 0.31391066, 0.9999696 , 0.98337793],
      dtype=float32),)"
"(array([0.93896055, 0.24214847, 0.8856125 , 0.91296875, 0.4811053 ],
      dtype=float32),)"
"(array([0.8537668 , 0.867917  , 0.01990897, 0.8360712 , 0.59746677],
      dtype=float32),)"
"(array([0.9672387 , 0.21154925, 0.0202184 , 0.9372962 , 0.24213019],
      dtype=float32),)"
"(array([0.89995044, 0.8011931 , 0.06577393, 0.911498  , 0.01173061],
      dtype=float32),)"
"(array([0.99537706, 0.5201861 , 0.59611154, 0.9955863 , 0.5104391 ],
      dtype=float32),)"
"(array([0.9942311 , 0.6287447 , 0.93725926, 0.9937785 , 0.38148168],
      dtype=float32),)"
"(array([0.96355736, 0.38203135, 0.907857  , 0.9561985 , 0.22866175],
      dtype=float32),)"
"(array([0.9582354 , 0.78359926, 0.94947976, 0.93586385, 0.7443187 ],
      dtype=float32),)"
"(array([0.98465455, 0.84971917, 0.9685139 , 0.9770682 , 0.83819634],
      dtype=float32),)"
"(array([0.9760325 , 0.42437324, 0.7380683 , 0.9675743 , 0.28329432],
      dtype=float32),)"
"(array([0.9767446 , 0.53460264, 0.84372896, 0.98165154, 0.6735096 ],
      dtype=float32),)"
"(array([0.9957301 , 0.6600517 , 0.47611937, 0.99670595, 0.5160723 ],
      dtype=float32),)"
"(array([0.99920815, 0.44786   , 0.24336109, 0.9993643 , 0.5294393 ],
      dtype=float32),)"
"(array([9.9194348e-01, 8.5222054e-01, 7.8479422e-04, 9.9504530e-01,
       6.1281335e-01], dtype=float32),)"
"(array([0.98128784, 0.26701608, 0.6871453 , 0.98012036, 0.7168002 ],
      dtype=float32),)"
"(array([0.94475126, 0.62483275, 0.0017001 , 0.94341   , 0.57599914],
      dtype=float32),)"
"(array([0.85517687, 0.37877038, 0.10990425, 0.83151513, 0.57786083],
      dtype=float32),)"
"(array([0.99679583, 0.9603164 , 0.7275671 , 0.9951013 , 0.46907118],
      dtype=float32),)"
"(array([0.9357866 , 0.9001116 , 0.04934965, 0.9146833 , 0.58666486],
      dtype=float32),)"
"(array([0.20430256, 0.5604144 , 0.01883525, 0.17836285, 0.18578956],
      dtype=float32),)"
"(array([0.86689085, 0.6239308 , 0.5662193 , 0.8288804 , 0.35595542],
      dtype=float32),)"
"(array([0.9874183, 0.9001004, 0.829089 , 0.9878604, 0.506907 ],
      dtype=float32),)"
"(array([0.99943143, 0.26863766, 0.8420909 , 0.9997229 , 0.84058064],
      dtype=float32),)"
"(array([0.9826895, 0.4695339, 0.9160139, 0.9786144, 0.4904601],
      dtype=float32),)"
"(array([0.9291385 , 0.49579275, 0.79508394, 0.9118551 , 0.23696373],
      dtype=float32),)"
"(array([0.98804724, 0.31487232, 0.6928005 , 0.9839408 , 0.725544  ],
      dtype=float32),)"
"(array([0.9198686 , 0.8202736 , 0.02301452, 0.92259854, 0.69081223],
      dtype=float32),)"
"(array([0.9859772 , 0.311259  , 0.74465126, 0.98097813, 0.6902316 ],
      dtype=float32),)"
"(array([0.99974245, 0.5388937 , 0.99825233, 0.9998634 , 0.82446855],
      dtype=float32),)"
"(array([0.9943218 , 0.24937704, 0.7875824 , 0.99472445, 0.59096414],
      dtype=float32),)"
"(array([0.9740883 , 0.27375042, 0.69726926, 0.969778  , 0.5334801 ],
      dtype=float32),)"
"(array([0.9999995 , 0.77555585, 0.95602816, 0.99999976, 0.85645616],
      dtype=float32),)"
"(array([0.97843015, 0.352948  , 0.9379917 , 0.9729138 , 0.49126422],
      dtype=float32),)"
"(array([0.9965578 , 0.55558586, 0.67513144, 0.9964354 , 0.8405729 ],
      dtype=float32),)"
"(array([0.93942726, 0.8409836 , 0.03405746, 0.93859094, 0.77940214],
      dtype=float32),)"
"(array([0.9508247 , 0.587403  , 0.164983  , 0.93937325, 0.8009891 ],
      dtype=float32),)"
"(array([0.94286346, 0.68561804, 0.01873822, 0.901713  , 0.6027824 ],
      dtype=float32),)"
"(array([9.6229053e-01, 8.0173033e-01, 1.4978784e-04, 8.5099870e-01,
       6.0179949e-01], dtype=float32),)"
"(array([0.99838877, 0.88687724, 0.9468794 , 0.9987612 , 0.85127306],
      dtype=float32),)"
"(array([0.39329648, 0.42896312, 0.10266269, 0.38854545, 0.23250821],
      dtype=float32),)"
"(array([9.9814999e-01, 9.2036897e-01, 4.9187115e-04, 9.9861860e-01,
       8.1007940e-01], dtype=float32),)"
"(array([0.28484246, 0.4662755 , 0.25065994, 0.30465025, 0.2636679 ],
      dtype=float32),)"
"(array([0.9961223 , 0.7377338 , 0.46642745, 0.9943845 , 0.21265662],
      dtype=float32),)"
"(array([0.9587836 , 0.6454241 , 0.8447696 , 0.9539209 , 0.26333308],
      dtype=float32),)"
"(array([0.96820295, 0.72804594, 0.93337303, 0.9669339 , 0.7780591 ],
      dtype=float32),)"
"(array([0.92476785, 0.3687317 , 0.2239103 , 0.91696113, 0.56551   ],
      dtype=float32),)"
"(array([0.91834354, 0.7033772 , 0.93702286, 0.8932284 , 0.66130626],
      dtype=float32),)"
"(array([0.9937184 , 0.92434996, 0.01346606, 0.99013925, 0.56525546],
      dtype=float32),)"
"(array([0.99968374, 0.8995453 , 0.0044306 , 0.9997687 , 0.7900324 ],
      dtype=float32),)"
"(array([0.9581455 , 0.94832456, 0.04695515, 0.93163157, 0.65243685],
      dtype=float32),)"
"(array([0.9994209 , 0.8285954 , 0.67488986, 0.99849236, 0.28174835],
      dtype=float32),)"
"(array([0.937659  , 0.2545287 , 0.63585496, 0.9245567 , 0.6301021 ],
      dtype=float32),)"
"(array([0.9766228 , 0.34169105, 0.7007354 , 0.977548  , 0.7043293 ],
      dtype=float32),)"
"(array([0.91892296, 0.50919783, 0.8660299 , 0.9073415 , 0.18508041],
      dtype=float32),)"
"(array([0.5926199 , 0.21036787, 0.13698421, 0.57330763, 0.34962288],
      dtype=float32),)"
"(array([0.16253592, 0.06269826, 0.21262264, 0.12337248, 0.07280508],
      dtype=float32),)"
"(array([0.98154944, 0.8740427 , 0.05405484, 0.9756402 , 0.7518445 ],
      dtype=float32),)"
"(array([0.99419326, 0.35419485, 0.96528184, 0.99430436, 0.6487112 ],
      dtype=float32),)"
"(array([0.9827291 , 0.8380091 , 0.03896232, 0.98072547, 0.7492129 ],
      dtype=float32),)"
"(array([0.9895382 , 0.42023507, 0.18137401, 0.94457114, 0.2894722 ],
      dtype=float32),)"
"(array([0.9722935 , 0.68136203, 0.7604023 , 0.96997505, 0.8996291 ],
      dtype=float32),)"
"(array([0.4882341 , 0.5332724 , 0.00206193, 0.4006534 , 0.24634893],
      dtype=float32),)"
"(array([0.99995315, 0.9694827 , 0.13302913, 0.9999734 , 0.99000764],
      dtype=float32),)"
"(array([0.9921163 , 0.67739815, 0.9398228 , 0.99168944, 0.38582242],
      dtype=float32),)"
"(array([0.9997081 , 0.0390037 , 0.72950286, 0.99983263, 0.24803203],
      dtype=float32),)"
"(array([0.9913111 , 0.9047652 , 0.0232748 , 0.9861201 , 0.81487876],
      dtype=float32),)"
"(array([0.94223064, 0.9295937 , 0.05089018, 0.9195686 , 0.55597967],
      dtype=float32),)"
"(array([0.98557323, 0.78293854, 0.8236394 , 0.97933394, 0.32337466],
      dtype=float32),)"
"(array([0.8828414 , 0.6270069 , 0.9463088 , 0.86697406, 0.61607957],
      dtype=float32),)"
"(array([0.97654176, 0.61521727, 0.6987164 , 0.97595835, 0.4875915 ],
      dtype=float32),)"
"(array([0.9995142 , 0.73358893, 0.93059826, 0.99943763, 0.9178183 ],
      dtype=float32),)"
"(array([0.20802537, 0.6305106 , 0.00072668, 0.1216281 , 0.27784914],
      dtype=float32),)"
"(array([0.99999464, 0.7496214 , 0.06363627, 0.9999974 , 0.17871109],
      dtype=float32),)"
"(array([0.93179184, 0.5130617 , 0.8370714 , 0.9198143 , 0.22227156],
      dtype=float32),)"
"(array([0.9987301 , 0.92704207, 0.9717504 , 0.9989379 , 0.87470335],
      dtype=float32),)"
"(array([0.20006438, 0.06459776, 0.2420615 , 0.15531003, 0.07822035],
      dtype=float32),)"
"(array([0.39592117, 0.47306883, 0.09197956, 0.33591354, 0.25008628],
      dtype=float32),)"
"(array([0.9929478 , 0.6546307 , 0.9006167 , 0.99479973, 0.3567053 ],
      dtype=float32),)"
"(array([0.9776299 , 0.38228077, 0.7740598 , 0.9682022 , 0.32077947],
      dtype=float32),)"
"(array([0.97067845, 0.8770249 , 0.10596798, 0.9698    , 0.704858  ],
      dtype=float32),)"
"(array([0.9500317 , 0.4978108 , 0.8752122 , 0.94602585, 0.25484204],
      dtype=float32),)"
"(array([0.86780185, 0.7648183 , 0.7360021 , 0.8741248 , 0.49779272],
      dtype=float32),)"
"(array([0.99388605, 0.37963042, 0.3695251 , 0.9933128 , 0.8418012 ],
      dtype=float32),)"
"(array([0.9899421 , 0.9207678 , 0.92829037, 0.985993  , 0.79954296],
      dtype=float32),)"
"(array([0.16034767, 0.42073983, 0.15166368, 0.14591219, 0.20187801],
      dtype=float32),)"
"(array([0.98211515, 0.39984685, 0.21504325, 0.98011166, 0.38036832],
      dtype=float32),)"
"(array([0.14014654, 0.41128418, 0.15901756, 0.13999075, 0.16455238],
      dtype=float32),)"
"(array([0.9999933 , 0.87166375, 0.5505334 , 0.9999958 , 0.21340737],
      dtype=float32),)"
"(array([0.99961346, 0.8581737 , 0.9816927 , 0.9997974 , 0.8534878 ],
      dtype=float32),)"
"(array([0.8976934 , 0.8849325 , 0.0484757 , 0.86873037, 0.46765894],
      dtype=float32),)"
"(array([0.9998704 , 0.44538805, 0.9923995 , 0.9999378 , 0.8172876 ],
      dtype=float32),)"
"(array([0.9929877 , 0.51505506, 0.8371637 , 0.9923838 , 0.5329993 ],
      dtype=float32),)"
"(array([0.98298717, 0.3437585 , 0.84063464, 0.98144585, 0.7643608 ],
      dtype=float32),)"
"(array([0.9867915 , 0.6016846 , 0.8700825 , 0.98898673, 0.75597256],
      dtype=float32),)"
"(array([0.9397926 , 0.8764319 , 0.02585367, 0.93386066, 0.61458063],
      dtype=float32),)"
"(array([0.98494685, 0.90429634, 0.00157361, 0.98993623, 0.37389573],
      dtype=float32),)"
"(array([0.94165623, 0.62221575, 0.8703527 , 0.9298842 , 0.25992045],
      dtype=float32),)"
"(array([0.9396064 , 0.47561952, 0.87882656, 0.930243  , 0.25068456],
      dtype=float32),)"
"(array([0.9518883 , 0.28290415, 0.91157585, 0.9287676 , 0.4795058 ],
      dtype=float32),)"
"(array([0.8232541 , 0.6820639 , 0.9108685 , 0.7647863 , 0.62199354],
      dtype=float32),)"
"(array([0.9456997 , 0.39450347, 0.25329965, 0.9379636 , 0.7866356 ],
      dtype=float32),)"
"(array([0.98699933, 0.76225215, 0.85304755, 0.9811003 , 0.3512376 ],
      dtype=float32),)"
"(array([0.99849737, 0.43564656, 0.9702698 , 0.99902403, 0.6088017 ],
      dtype=float32),)"
"(array([0.9999635 , 0.2789386 , 0.8373393 , 0.99997735, 0.946864  ],
      dtype=float32),)"
"(array([0.9446175 , 0.7122213 , 0.91264147, 0.92175376, 0.7176316 ],
      dtype=float32),)"
"(array([0.99807274, 0.21395917, 0.2144758 , 0.9983584 , 0.5706016 ],
      dtype=float32),)"
"(array([0.99983406, 0.6050802 , 0.99823713, 0.9998192 , 0.8841053 ],
      dtype=float32),)"
"(array([0.9904385 , 0.8997736 , 0.09945915, 0.99056107, 0.80128   ],
      dtype=float32),)"
"(array([0.8955823 , 0.23622067, 0.8233366 , 0.8482577 , 0.49745384],
      dtype=float32),)"
"(array([0.16709164, 0.56113064, 0.0084879 , 0.15081492, 0.14508079],
      dtype=float32),)"
"(array([0.9968658 , 0.8859941 , 0.89969695, 0.9949142 , 0.40333584],
      dtype=float32),)"
"(array([0.8749776 , 0.8310036 , 0.00101568, 0.5256102 , 0.3787735 ],
      dtype=float32),)"
"(array([0.9962998 , 0.9581571 , 0.00391848, 0.99623775, 0.74000525],
      dtype=float32),)"
"(array([0.9990451 , 0.65578854, 0.9773751 , 0.99930954, 0.88746995],
      dtype=float32),)"
"(array([0.92706203, 0.628269  , 0.9097684 , 0.90628856, 0.7017696 ],
      dtype=float32),)"
"(array([0.88243574, 0.8695472 , 0.00587983, 0.8883301 , 0.28929397],
      dtype=float32),)"
"(array([0.98652935, 0.7852827 , 0.8462591 , 0.9808991 , 0.35927638],
      dtype=float32),)"
"(array([0.37068313, 0.06254151, 0.16660966, 0.20468393, 0.13890144],
      dtype=float32),)"
"(array([0.9961051 , 0.31205878, 0.74744457, 0.99626464, 0.60400236],
      dtype=float32),)"
"(array([0.30283934, 0.04946218, 0.28896064, 0.24686436, 0.08043095],
      dtype=float32),)"
"(array([0.85048586, 0.3167781 , 0.17633073, 0.8352031 , 0.54268163],
      dtype=float32),)"
"(array([0.4063881 , 0.08106395, 0.40952128, 0.24775624, 0.08665688],
      dtype=float32),)"
"(array([0.9294348, 0.6284825, 0.8869391, 0.9229926, 0.6857025],
      dtype=float32),)"
"(array([0.9999635 , 0.8201271 , 0.9904737 , 0.99998474, 0.927206  ],
      dtype=float32),)"
"(array([0.8586336, 0.7009771, 0.9411194, 0.8361465, 0.6613195],
      dtype=float32),)"
"(array([0.9612528 , 0.9353911 , 0.04469589, 0.9473156 , 0.63394684],
      dtype=float32),)"
"(array([0.9849924 , 0.8614262 , 0.08390816, 0.9791366 , 0.34353864],
      dtype=float32),)"
"(array([0.99411976, 0.7128405 , 0.41296956, 0.98125976, 0.33381113],
      dtype=float32),)"
"(array([0.99953496, 0.40561172, 0.20890053, 0.9996124 , 0.7850404 ],
      dtype=float32),)"
"(array([0.9548632 , 0.17265321, 0.56115746, 0.9576699 , 0.6728456 ],
      dtype=float32),)"
"(array([0.24042287, 0.09760256, 0.15737188, 0.15985635, 0.06355397],
      dtype=float32),)"
"(array([0.9885628 , 0.74809533, 0.93644553, 0.9835978 , 0.74679416],
      dtype=float32),)"
"(array([0.89495534, 0.8857467 , 0.04459739, 0.8581614 , 0.48463693],
      dtype=float32),)"
"(array([0.9124544 , 0.37630975, 0.8814249 , 0.900466  , 0.23354392],
      dtype=float32),)"
"(array([0.98583037, 0.9531907 , 0.00976537, 0.9839987 , 0.76077914],
      dtype=float32),)"
"(array([0.9992124 , 0.41961503, 0.8528163 , 0.99947685, 0.64968216],
      dtype=float32),)"
"(array([0.9897893 , 0.44976485, 0.20476665, 0.98387235, 0.61357903],
      dtype=float32),)"
"(array([0.9429975 , 0.5299405 , 0.8304561 , 0.937394  , 0.22841516],
      dtype=float32),)"
"(array([0.9986314 , 0.6378999 , 0.94634837, 0.99861205, 0.42992866],
      dtype=float32),)"
"(array([0.9965912 , 0.95851535, 0.99656004, 0.9978454 , 0.9363168 ],
      dtype=float32),)"
"(array([0.9046031 , 0.83800286, 0.02011197, 0.9135755 , 0.6750761 ],
      dtype=float32),)"
"(array([0.29151243, 0.48267397, 0.00084676, 0.25026238, 0.19887538],
      dtype=float32),)"
"(array([0.19993912, 0.05810887, 0.15162888, 0.15518989, 0.04984512],
      dtype=float32),)"
"(array([0.99711007, 0.87104565, 0.9423616 , 0.9945393 , 0.7823854 ],
      dtype=float32),)"
"(array([0.9717752 , 0.9545394 , 0.07446039, 0.95750624, 0.71114045],
      dtype=float32),)"
"(array([0.8911291 , 0.5974049 , 0.0393832 , 0.8711212 , 0.66585207],
      dtype=float32),)"
"(array([0.99982965, 0.35601962, 0.98268926, 0.99989235, 0.7574581 ],
      dtype=float32),)"
"(array([0.9987049 , 0.5041093 , 0.96215963, 0.9989735 , 0.5775536 ],
      dtype=float32),)"
"(array([0.9938625 , 0.3622221 , 0.8947014 , 0.994696  , 0.78360695],
      dtype=float32),)"
"(array([0.12527485, 0.36084664, 0.09438147, 0.1189369 , 0.18255155],
      dtype=float32),)"
"(array([0.98152924, 0.8886437 , 0.16983764, 0.9797332 , 0.35625258],
      dtype=float32),)"
"(array([0.6482748 , 0.20797941, 0.44985682, 0.60149914, 0.38597572],
      dtype=float32),)"
"(array([0.98067725, 0.8064104 , 0.72131765, 0.9757901 , 0.3804384 ],
      dtype=float32),)"
"(array([0.93516535, 0.7904182 , 0.7493542 , 0.9324952 , 0.6309814 ],
      dtype=float32),)"
"(array([0.9336263 , 0.47485983, 0.8592886 , 0.9253305 , 0.25081977],
      dtype=float32),)"
"(array([0.13073361, 0.42413375, 0.12163778, 0.12421004, 0.15323333],
      dtype=float32),)"
"(array([0.9747906, 0.6514835, 0.8505984, 0.9715811, 0.2531137],
      dtype=float32),)"
"(array([0.9937016 , 0.90686566, 0.17279752, 0.99123013, 0.39296997],
      dtype=float32),)"
"(array([0.9986045 , 0.45478433, 0.9756267 , 0.99909663, 0.6123405 ],
      dtype=float32),)"
"(array([0.9504118 , 0.80174965, 0.00117222, 0.90618443, 0.5551259 ],
      dtype=float32),)"
"(array([9.9808049e-01, 9.1341579e-01, 3.8460488e-04, 9.9844235e-01,
       8.0674952e-01], dtype=float32),)"
"(array([0.14209081, 0.41129974, 0.1745369 , 0.13430288, 0.17649533],
      dtype=float32),)"
"(array([0.9830153 , 0.7918907 , 0.8893535 , 0.9860535 , 0.47121605],
      dtype=float32),)"
"(array([0.9066805 , 0.67993355, 0.91795754, 0.88357604, 0.69574463],
      dtype=float32),)"
"(array([0.93808675, 0.84759605, 0.03160644, 0.93765056, 0.8059078 ],
      dtype=float32),)"
"(array([0.99125284, 0.6407662 , 0.6223708 , 0.9901462 , 0.8102637 ],
      dtype=float32),)"
"(array([0.9569944 , 0.64571744, 0.943145  , 0.9552448 , 0.6941786 ],
      dtype=float32),)"
"(array([0.9768182 , 0.58323836, 0.46715692, 0.97481483, 0.74770564],
      dtype=float32),)"
"(array([9.3783653e-01, 8.7809157e-01, 1.4796849e-04, 8.8494259e-01,
       3.2558095e-01], dtype=float32),)"
"(array([0.98164237, 0.96374977, 0.04542841, 0.9766178 , 0.76246   ],
      dtype=float32),)"
"(array([0.944294  , 0.90506417, 0.01693694, 0.9264629 , 0.5348306 ],
      dtype=float32),)"
"(array([0.95921177, 0.93087685, 0.903309  , 0.90280575, 0.34335154],
      dtype=float32),)"
"(array([0.9554827 , 0.25894523, 0.5425576 , 0.9537214 , 0.6421671 ],
      dtype=float32),)"
"(array([0.9987728 , 0.88704604, 0.9903458 , 0.99878186, 0.8676023 ],
      dtype=float32),)"
"(array([9.6511567e-01, 8.2609147e-01, 5.2631123e-04, 9.6975291e-01,
       2.5277650e-01], dtype=float32),)"
"(array([0.9616396 , 0.91423947, 0.03561199, 0.9533937 , 0.48408276],
      dtype=float32),)"
"(array([0.9955146 , 0.28496474, 0.97894317, 0.99292   , 0.6847785 ],
      dtype=float32),)"
"(array([0.99870324, 0.91244036, 0.93764025, 0.99775946, 0.45938414],
      dtype=float32),)"
"(array([0.99945456, 0.24498823, 0.8733047 , 0.99964464, 0.8316615 ],
      dtype=float32),)"
"(array([0.9869773 , 0.9179142 , 0.6941169 , 0.98122656, 0.4620648 ],
      dtype=float32),)"
"(array([0.9873132 , 0.8456278 , 0.9252747 , 0.9861442 , 0.49191964],
      dtype=float32),)"
"(array([0.9991447 , 0.90928835, 0.7108051 , 0.9992798 , 0.5736591 ],
      dtype=float32),)"
"(array([0.4077025 , 0.53293824, 0.08446679, 0.36657274, 0.21474592],
      dtype=float32),)"
"(array([0.97657436, 0.90578854, 0.01930825, 0.9736554 , 0.6727141 ],
      dtype=float32),)"
"(array([0.81060046, 0.21296394, 0.38091978, 0.810212  , 0.30403444],
      dtype=float32),)"
"(array([0.8823849 , 0.1462495 , 0.7201651 , 0.79960746, 0.08031433],
      dtype=float32),)"
"(array([0.94564664, 0.4785454 , 0.23345563, 0.93336076, 0.68435436],
      dtype=float32),)"
"(array([0.94623756, 0.74526423, 0.94599164, 0.93773407, 0.79554695],
      dtype=float32),)"
"(array([0.9588159 , 0.9357005 , 0.01440822, 0.9386042 , 0.5721861 ],
      dtype=float32),)"
"(array([0.98235774, 0.8638853 , 0.96709186, 0.97194576, 0.8319422 ],
      dtype=float32),)"
"(array([0.8759243 , 0.46598458, 0.12236693, 0.83371824, 0.63726526],
      dtype=float32),)"
"(array([0.98830926, 0.7351527 , 0.35854936, 0.98746324, 0.7131826 ],
      dtype=float32),)"
"(array([0.5376085, 0.4884009, 0.5076589, 0.4297419, 0.2872535],
      dtype=float32),)"
"(array([0.9125229 , 0.56521416, 0.8299667 , 0.90305424, 0.22173722],
      dtype=float32),)"
"(array([0.9908455 , 0.7967868 , 0.827983  , 0.98878014, 0.6281548 ],
      dtype=float32),)"
"(array([0.99830675, 0.7641339 , 0.20641792, 0.99850863, 0.8424921 ],
      dtype=float32),)"
"(array([0.31298932, 0.05577798, 0.36196017, 0.26380113, 0.07131521],
      dtype=float32),)"
"(array([0.81591094, 0.68978876, 0.9197429 , 0.7598189 , 0.48895255],
      dtype=float32),)"
"(array([0.9883866 , 0.15471034, 0.8179642 , 0.9824113 , 0.27343163],
      dtype=float32),)"
"(array([0.9738849 , 0.94093037, 0.0009965 , 0.94545734, 0.52961254],
      dtype=float32),)"
"(array([0.9995461 , 0.33363536, 0.98757684, 0.99944216, 0.78960806],
      dtype=float32),)"
"(array([0.948638  , 0.2861527 , 0.8932569 , 0.9245428 , 0.39723873],
      dtype=float32),)"
"(array([0.9884986 , 0.96949726, 0.0659766 , 0.98522735, 0.80616903],
      dtype=float32),)"
"(array([0.9957035 , 0.3659366 , 0.94551885, 0.9974611 , 0.5809414 ],
      dtype=float32),)"
"(array([0.36970884, 0.03894495, 0.07645433, 0.25725886, 0.10120562],
      dtype=float32),)"
"(array([0.99985147, 0.8963656 , 0.19717543, 0.99973243, 0.831578  ],
      dtype=float32),)"
"(array([0.99901044, 0.91689616, 0.21253188, 0.99960846, 0.8370309 ],
      dtype=float32),)"
"(array([0.7832085 , 0.73409766, 0.01608333, 0.76560396, 0.5422309 ],
      dtype=float32),)"
"(array([0.23860681, 0.06527663, 0.13881046, 0.18001989, 0.05213125],
      dtype=float32),)"
"(array([0.9780949 , 0.9252497 , 0.04890731, 0.974178  , 0.5666897 ],
      dtype=float32),)"
"(array([0.2832754 , 0.4562049 , 0.30026585, 0.30989742, 0.26005265],
      dtype=float32),)"
"(array([0.9945227 , 0.9652343 , 0.01357318, 0.9940348 , 0.6959406 ],
      dtype=float32),)"
"(array([0.991512 , 0.797378 , 0.9296679, 0.9870142, 0.5673384],
      dtype=float32),)"
"(array([0.9023427 , 0.795903  , 0.01614521, 0.90749234, 0.6090096 ],
      dtype=float32),)"
"(array([0.9160155 , 0.666246  , 0.902442  , 0.89282626, 0.6932661 ],
      dtype=float32),)"
"(array([0.98001957, 0.8572875 , 0.8254116 , 0.9840698 , 0.43829405],
      dtype=float32),)"
"(array([0.99263763, 0.2680384 , 0.76336765, 0.9929911 , 0.72623926],
      dtype=float32),)"
"(array([0.9131055 , 0.62326175, 0.8946799 , 0.890174  , 0.73937166],
      dtype=float32),)"
"(array([0.9999281 , 0.92739564, 0.22543508, 0.9999604 , 0.41176182],
      dtype=float32),)"
"(array([0.21434814, 0.6110302 , 0.0152467 , 0.18579711, 0.20643531],
      dtype=float32),)"
"(array([0.9992347 , 0.91271156, 0.23173304, 0.9988532 , 0.4693142 ],
      dtype=float32),)"
"(array([0.99758255, 0.9572077 , 0.94847953, 0.9966198 , 0.85701406],
      dtype=float32),)"
"(array([0.9611749 , 0.35492632, 0.4718273 , 0.96635723, 0.65572983],
      dtype=float32),)"
"(array([0.9857019 , 0.2987649 , 0.74063003, 0.9843647 , 0.7793126 ],
      dtype=float32),)"
"(array([0.9997969 , 0.9540547 , 0.08993672, 0.9998235 , 0.41825002],
      dtype=float32),)"
"(array([0.8821161 , 0.67252654, 0.9493074 , 0.87331975, 0.68008745],
      dtype=float32),)"
"(array([0.9727083 , 0.44345468, 0.32191297, 0.9713212 , 0.81762576],
      dtype=float32),)"
"(array([0.9920684 , 0.9367865 , 0.5536043 , 0.988441  , 0.42170396],
      dtype=float32),)"
"(array([9.0788561e-01, 8.4823054e-01, 2.3424469e-05, 9.2053103e-01,
       3.7977311e-01], dtype=float32),)"
"(array([0.89070237, 0.46059617, 0.245999  , 0.7998031 , 0.46260694],
      dtype=float32),)"
"(array([0.9064547 , 0.84253   , 0.01621716, 0.90964454, 0.6968919 ],
      dtype=float32),)"
"(array([9.9629480e-01, 9.0274584e-01, 3.1684473e-04, 9.9703217e-01,
       7.4049383e-01], dtype=float32),)"
"(array([9.7411114e-01, 8.0477953e-01, 1.8740658e-04, 9.7565472e-01,
       3.4967616e-01], dtype=float32),)"
"(array([0.859903  , 0.7257813 , 0.8111986 , 0.78021854, 0.6364312 ],
      dtype=float32),)"
"(array([0.96656966, 0.784174  , 0.8735507 , 0.95827097, 0.73010707],
      dtype=float32),)"
"(array([0.9998087 , 0.9743455 , 0.12455057, 0.99964297, 0.6485457 ],
      dtype=float32),)"
"(array([0.9663703 , 0.31337178, 0.6389171 , 0.96825945, 0.684128  ],
      dtype=float32),)"
"(array([0.862172  , 0.8324912 , 0.00806914, 0.8751778 , 0.35223663],
      dtype=float32),)"
"(array([0.94136024, 0.87039685, 0.02846848, 0.9393759 , 0.7083305 ],
      dtype=float32),)"
"(array([0.9821801 , 0.9514194 , 0.97832197, 0.9830495 , 0.75153244],
      dtype=float32),)"
"(array([0.9836337 , 0.8590244 , 0.85491693, 0.9868918 , 0.48753226],
      dtype=float32),)"
"(array([0.18895301, 0.34371457, 0.10905439, 0.19739595, 0.2918545 ],
      dtype=float32),)"
"(array([0.9850521 , 0.6536316 , 0.86417055, 0.98498756, 0.61537045],
      dtype=float32),)"
"(array([0.32025823, 0.07665692, 0.27569968, 0.24786311, 0.06911497],
      dtype=float32),)"
"(array([0.999129  , 0.9166781 , 0.99902034, 0.9994758 , 0.9364815 ],
      dtype=float32),)"
"(array([0.9604126 , 0.54207486, 0.32832998, 0.95105517, 0.7344656 ],
      dtype=float32),)"
"(array([0.20150925, 0.0545297 , 0.23701103, 0.15165819, 0.08989642],
      dtype=float32),)"
"(array([0.9963941 , 0.30510452, 0.1289679 , 0.9964784 , 0.29227474],
      dtype=float32),)"
"(array([0.31236693, 0.05463072, 0.3383283 , 0.2769378 , 0.07068304],
      dtype=float32),)"
"(array([0.8579713, 0.6301548, 0.8810016, 0.8141388, 0.5923976],
      dtype=float32),)"
"(array([0.23371778, 0.5160704 , 0.24374487, 0.22106443, 0.22057624],
      dtype=float32),)"
"(array([0.23892154, 0.50485307, 0.32931474, 0.23657212, 0.23849103],
      dtype=float32),)"
"(array([0.98495436, 0.48418698, 0.90529007, 0.9809801 , 0.47453147],
      dtype=float32),)"
"(array([0.99909437, 0.10007497, 0.9665422 , 0.9997241 , 0.792256  ],
      dtype=float32),)"
"(array([0.9800781 , 0.22222865, 0.41814318, 0.9719712 , 0.10414017],
      dtype=float32),)"
"(array([0.17913213, 0.60240424, 0.01875893, 0.14839227, 0.18699092],
      dtype=float32),)"
"(array([0.99233294, 0.30642194, 0.86464083, 0.9927901 , 0.77716744],
      dtype=float32),)"
"(array([0.99290305, 0.22746517, 0.7171868 , 0.9930133 , 0.83776224],
      dtype=float32),)"
"(array([0.96380454, 0.6898084 , 0.9389152 , 0.9599157 , 0.8146888 ],
      dtype=float32),)"
"(array([0.99957675, 0.9387382 , 0.07479258, 0.99949145, 0.44950747],
      dtype=float32),)"
"(array([0.99996054, 0.95700073, 0.0208666 , 0.99997246, 0.9100802 ],
      dtype=float32),)"
"(array([0.9602163 , 0.4111301 , 0.3109809 , 0.9556686 , 0.66232926],
      dtype=float32),)"
"(array([0.9925363 , 0.9524355 , 0.01450205, 0.9908761 , 0.76566267],
      dtype=float32),)"
"(array([0.918377  , 0.44540083, 0.82675576, 0.89722484, 0.24518318],
      dtype=float32),)"
"(array([0.19282253, 0.5503992 , 0.02836832, 0.18298507, 0.21725886],
      dtype=float32),)"
"(array([0.99942845, 0.94640905, 0.02846545, 0.9988777 , 0.62781096],
      dtype=float32),)"
"(array([0.8994876 , 0.7284393 , 0.66470426, 0.89291674, 0.31733155],
      dtype=float32),)"
"(array([0.9978879 , 0.75644606, 0.5079743 , 0.9967354 , 0.32253158],
      dtype=float32),)"
"(array([0.9578837 , 0.35503826, 0.8422609 , 0.94319123, 0.63851506],
      dtype=float32),)"
"(array([0.9969043, 0.5253932, 0.8013063, 0.9973552, 0.8174694],
      dtype=float32),)"
"(array([0.97151256, 0.93407446, 0.03169817, 0.9583399 , 0.39653307],
      dtype=float32),)"
"(array([0.8497676 , 0.33458856, 0.7585668 , 0.8255502 , 0.17697234],
      dtype=float32),)"
"(array([0.98694617, 0.70922416, 0.9568457 , 0.9848738 , 0.61197925],
      dtype=float32),)"
"(array([0.9998503 , 0.34749383, 0.96243155, 0.9998927 , 0.78065485],
      dtype=float32),)"
"(array([6.8879384e-01, 6.9832444e-01, 2.1961766e-04, 5.3674179e-01,
       4.9621007e-01], dtype=float32),)"
"(array([0.9410303 , 0.55728227, 0.2324022 , 0.9213616 , 0.67368424],
      dtype=float32),)"
"(array([0.9793427 , 0.9398304 , 0.01721258, 0.9768505 , 0.7488802 ],
      dtype=float32),)"
"(array([0.7163584 , 0.51687485, 0.9063996 , 0.67592525, 0.37836987],
      dtype=float32),)"
"(array([0.9979226 , 0.74885154, 0.95411915, 0.9980767 , 0.276067  ],
      dtype=float32),)"
"(array([0.19974057, 0.32963943, 0.00108592, 0.21647607, 0.17542645],
      dtype=float32),)"
"(array([0.9999031 , 0.98517853, 0.01352648, 0.9999275 , 0.5532434 ],
      dtype=float32),)"
"(array([0.15955359, 0.3031038 , 0.09343409, 0.1760069 , 0.25370532],
      dtype=float32),)"
"(array([0.8740089 , 0.40069613, 0.20556931, 0.8485339 , 0.62395877],
      dtype=float32),)"
"(array([0.30009618, 0.49916634, 0.31570092, 0.31602237, 0.2666334 ],
      dtype=float32),)"
"(array([0.9976204 , 0.22580814, 0.96836466, 0.9957371 , 0.703698  ],
      dtype=float32),)"
"(array([0.9955454 , 0.24338742, 0.9152999 , 0.99770844, 0.3438367 ],
      dtype=float32),)"
"(array([0.92925984, 0.4455821 , 0.37071058, 0.92068917, 0.611984  ],
      dtype=float32),)"
"(array([0.99447143, 0.31678253, 0.90183836, 0.9939434 , 0.74647415],
      dtype=float32),)"
"(array([0.21332031, 0.53977424, 0.4018856 , 0.21686946, 0.2300535 ],
      dtype=float32),)"
"(array([0.80711675, 0.7339306 , 0.476489  , 0.7438907 , 0.51059806],
      dtype=float32),)"
"(array([0.9644525, 0.952858 , 0.0645155, 0.9517911, 0.7036555],
      dtype=float32),)"
"(array([0.9398908 , 0.812266  , 0.09152997, 0.95289975, 0.55330014],
      dtype=float32),)"
"(array([0.31182864, 0.05563505, 0.14024353, 0.16361767, 0.0797995 ],
      dtype=float32),)"
"(array([0.9818211 , 0.3649348 , 0.9621552 , 0.97484565, 0.60548943],
      dtype=float32),)"
"(array([0.85343367, 0.79140717, 0.00866538, 0.8597844 , 0.37901127],
      dtype=float32),)"
"(array([0.98764706, 0.12601924, 0.9032391 , 0.98671794, 0.47477147],
      dtype=float32),)"
"(array([0.9668666 , 0.8909748 , 0.03794542, 0.9612727 , 0.8234971 ],
      dtype=float32),)"
"(array([0.8858715 , 0.86345077, 0.01319515, 0.86142635, 0.67146844],
      dtype=float32),)"
"(array([0.98106927, 0.8574948 , 0.20188664, 0.98343337, 0.38208133],
      dtype=float32),)"
"(array([0.96928734, 0.925084  , 0.8517404 , 0.95125675, 0.37726602],
      dtype=float32),)"
"(array([0.99956244, 0.06501319, 0.80669117, 0.99978334, 0.17207126],
      dtype=float32),)"
"(array([0.9998369 , 0.40639117, 0.75914013, 0.9998957 , 0.8479577 ],
      dtype=float32),)"
"(array([0.99437004, 0.357318  , 0.32668304, 0.9934836 , 0.8307265 ],
      dtype=float32),)"
"(array([0.9801396 , 0.38453832, 0.7300039 , 0.9717691 , 0.77113825],
      dtype=float32),)"
"(array([0.8968441 , 0.70551115, 0.02244946, 0.8897841 , 0.6624143 ],
      dtype=float32),)"
"(array([0.8177615 , 0.31035686, 0.3648885 , 0.750301  , 0.42381203],
      dtype=float32),)"
"(array([0.9816922 , 0.35253066, 0.7365095 , 0.97785425, 0.7985947 ],
      dtype=float32),)"
"(array([0.97904086, 0.7405113 , 0.8817121 , 0.9711812 , 0.29848543],
      dtype=float32),)"
"(array([0.9457571 , 0.6248655 , 0.9224873 , 0.94352114, 0.8271513 ],
      dtype=float32),)"
"(array([0.9983511 , 0.72030157, 0.93683857, 0.99899596, 0.34729767],
      dtype=float32),)"
"(array([0.9833831 , 0.95566005, 0.00761291, 0.9778252 , 0.7265023 ],
      dtype=float32),)"
"(array([0.996114  , 0.24588595, 0.79814976, 0.9953715 , 0.8338743 ],
      dtype=float32),)"
"(array([0.9841823 , 0.83159614, 0.04964888, 0.9804992 , 0.75664634],
      dtype=float32),)"
"(array([0.84919965, 0.5641978 , 0.0317609 , 0.8417681 , 0.6316665 ],
      dtype=float32),)"
"(array([0.8103905, 0.5228458, 0.6929288, 0.7967149, 0.2938057],
      dtype=float32),)"
"(array([0.91441804, 0.4590758 , 0.17215939, 0.90327215, 0.80375767],
      dtype=float32),)"
"(array([0.878031  , 0.08935435, 0.40873718, 0.83412695, 0.2718836 ],
      dtype=float32),)"
"(array([0.94564867, 0.11903888, 0.8351688 , 0.95800525, 0.58986866],
      dtype=float32),)"
"(array([0.9741518 , 0.8408402 , 0.95656925, 0.96025205, 0.80004305],
      dtype=float32),)"
"(array([0.98169184, 0.7264826 , 0.91919756, 0.98492754, 0.8112095 ],
      dtype=float32),)"
"(array([8.1043720e-01, 4.9993116e-01, 7.7711046e-04, 8.1793064e-01,
       6.1881781e-01], dtype=float32),)"
"(array([0.9840005 , 0.8369537 , 0.8040101 , 0.98163444, 0.40564448],
      dtype=float32),)"
"(array([0.99874735, 0.9612746 , 0.9794007 , 0.99902236, 0.81995463],
      dtype=float32),)"
"(array([0.99018633, 0.19924393, 0.9693112 , 0.9932634 , 0.44766384],
      dtype=float32),)"
"(array([0.9118946 , 0.4816268 , 0.8100198 , 0.90010375, 0.18234715],
      dtype=float32),)"
"(array([0.9991891 , 0.7477868 , 0.58391285, 0.999373  , 0.8547911 ],
      dtype=float32),)"
"(array([0.98636985, 0.66465545, 0.05366302, 0.9901905 , 0.02349573],
      dtype=float32),)"
"(array([0.9812089 , 0.4831822 , 0.93995935, 0.97945625, 0.34060696],
      dtype=float32),)"
"(array([0.30942646, 0.08108532, 0.19869596, 0.2434026 , 0.06244303],
      dtype=float32),)"
"(array([0.9979808 , 0.45612308, 0.9888571 , 0.99788934, 0.77600926],
      dtype=float32),)"
"(array([0.77307487, 0.80740285, 0.00354292, 0.39966488, 0.3206264 ],
      dtype=float32),)"
"(array([0.9821008 , 0.3579875 , 0.4257121 , 0.96975493, 0.5642655 ],
      dtype=float32),)"
"(array([0.9986952 , 0.98759764, 0.02487623, 0.99674535, 0.8117971 ],
      dtype=float32),)"
"(array([0.9991228 , 0.7282301 , 0.89673096, 0.99914265, 0.8217482 ],
      dtype=float32),)"
"(array([0.84278905, 0.48776552, 0.77941346, 0.853375  , 0.26512086],
      dtype=float32),)"
"(array([0.99893636, 0.4899676 , 0.92085946, 0.9991893 , 0.8376161 ],
      dtype=float32),)"
"(array([0.9245715 , 0.8437555 , 0.02173396, 0.91950464, 0.5624345 ],
      dtype=float32),)"
"(array([0.877433  , 0.72363997, 0.9397918 , 0.84926385, 0.6896256 ],
      dtype=float32),)"
"(array([0.22121334, 0.48574847, 0.00137143, 0.15076947, 0.2777539 ],
      dtype=float32),)"
"(array([0.94064456, 0.46156055, 0.87429875, 0.9336211 , 0.23321436],
      dtype=float32),)"
"(array([0.9940404 , 0.716753  , 0.92747694, 0.9941362 , 0.34660736],
      dtype=float32),)"
"(array([0.97445077, 0.24038011, 0.44900012, 0.97581756, 0.6547665 ],
      dtype=float32),)"
"(array([0.9992144 , 0.9566016 , 0.32332662, 0.9983664 , 0.5253122 ],
      dtype=float32),)"
"(array([0.9931316 , 0.93372107, 0.28005117, 0.9927649 , 0.5580797 ],
      dtype=float32),)"
"(array([0.99668294, 0.5855732 , 0.40198043, 0.9974045 , 0.5601028 ],
      dtype=float32),)"
"(array([0.960317  , 0.5948462 , 0.9108883 , 0.952417  , 0.24497986],
      dtype=float32),)"
"(array([0.9110188 , 0.83440924, 0.01413594, 0.9013182 , 0.7107638 ],
      dtype=float32),)"
"(array([0.9770761 , 0.6724142 , 0.7668247 , 0.97421527, 0.63973117],
      dtype=float32),)"
"(array([0.19104958, 0.05864689, 0.1368017 , 0.13640444, 0.04847837],
      dtype=float32),)"
"(array([0.8968134 , 0.72602516, 0.05888394, 0.8715912 , 0.07870071],
      dtype=float32),)"
"(array([0.9954613 , 0.5166167 , 0.9347218 , 0.99563366, 0.77857417],
      dtype=float32),)"
"(array([0.9966523 , 0.8575715 , 0.9832123 , 0.99642605, 0.61547554],
      dtype=float32),)"
"(array([0.9930334, 0.908041 , 0.0119166, 0.9910465, 0.5256423],
      dtype=float32),)"
"(array([0.33054376, 0.11366495, 0.12603934, 0.3167327 , 0.2116091 ],
      dtype=float32),)"
"(array([0.9327278 , 0.15650594, 0.83398604, 0.9409934 , 0.06621905],
      dtype=float32),)"
"(array([0.317808  , 0.43818918, 0.07445329, 0.28807595, 0.22075672],
      dtype=float32),)"
"(array([0.9869783 , 0.24102171, 0.7924071 , 0.9866648 , 0.61506146],
      dtype=float32),)"
"(array([0.9853462 , 0.28548315, 0.809434  , 0.9846454 , 0.67049724],
      dtype=float32),)"
"(array([0.9021482 , 0.30670643, 0.4004316 , 0.9034896 , 0.70217353],
      dtype=float32),)"
"(array([0.9991628 , 0.96113837, 0.96638894, 0.9994137 , 0.7958789 ],
      dtype=float32),)"
"(array([0.9918954 , 0.46025977, 0.70610464, 0.98857915, 0.7622931 ],
      dtype=float32),)"
"(array([0.9523085 , 0.49442708, 0.10052694, 0.7162227 , 0.17641662],
      dtype=float32),)"
"(array([0.8813381 , 0.34039557, 0.2141847 , 0.8656597 , 0.5442805 ],
      dtype=float32),)"
"(array([0.9791981 , 0.3835723 , 0.9182762 , 0.9724563 , 0.51906264],
      dtype=float32),)"
"(array([0.9918995, 0.9042322, 0.969899 , 0.993778 , 0.7770478],
      dtype=float32),)"
"(array([0.97935516, 0.63707286, 0.7541142 , 0.97564584, 0.6069179 ],
      dtype=float32),)"
"(array([0.99999917, 0.84582186, 0.9396896 , 0.9999994 , 0.75399387],
      dtype=float32),)"
"(array([0.98721397, 0.91473144, 0.00535296, 0.9681531 , 0.87298757],
      dtype=float32),)"
"(array([0.66631085, 0.5398614 , 0.8497803 , 0.5880177 , 0.34792015],
      dtype=float32),)"
"(array([0.9987978 , 0.97692704, 0.03144752, 0.9973277 , 0.7177127 ],
      dtype=float32),)"
"(array([0.9745137 , 0.8610208 , 0.10780663, 0.9746901 , 0.467602  ],
      dtype=float32),)"
"(array([0.9592503, 0.8829269, 0.0440699, 0.9553787, 0.8177132],
      dtype=float32),)"
"(array([0.99742657, 0.5355296 , 0.91609216, 0.9975229 , 0.42705017],
      dtype=float32),)"
"(array([0.31788263, 0.6400446 , 0.25133312, 0.22515851, 0.30030194],
      dtype=float32),)"
"(array([0.9960918 , 0.9602229 , 0.41565788, 0.9954822 , 0.7235442 ],
      dtype=float32),)"
"(array([0.99990404, 0.6554246 , 0.9815595 , 0.99987054, 0.73876476],
      dtype=float32),)"
"(array([0.68819   , 0.68612695, 0.48555952, 0.6682602 , 0.3378713 ],
      dtype=float32),)"
"(array([0.96400934, 0.21380651, 0.60152346, 0.958949  , 0.6288664 ],
      dtype=float32),)"
"(array([0.97280866, 0.84223676, 0.7986306 , 0.9600704 , 0.3000057 ],
      dtype=float32),)"
"(array([0.8819359 , 0.77368796, 0.84108996, 0.7212052 , 0.4661038 ],
      dtype=float32),)"
"(array([0.6385244 , 0.1503693 , 0.51135206, 0.44632524, 0.15999344],
      dtype=float32),)"
"(array([0.8393189 , 0.8799069 , 0.87791014, 0.6649468 , 0.21023004],
      dtype=float32),)"
"(array([0.96726525, 0.30276564, 0.5802147 , 0.96444607, 0.6207386 ],
      dtype=float32),)"
"(array([0.95787317, 0.8838319 , 0.01928093, 0.94332767, 0.56620085],
      dtype=float32),)"
"(array([0.99267286, 0.8217417 , 0.00960928, 0.9940527 , 0.77819693],
      dtype=float32),)"
"(array([0.9671532 , 0.20425446, 0.5660522 , 0.96772575, 0.6963551 ],
      dtype=float32),)"
"(array([0.9942624, 0.405383 , 0.8465352, 0.9931651, 0.8858994],
      dtype=float32),)"
"(array([0.7454951 , 0.7041414 , 0.01185206, 0.73131204, 0.54619306],
      dtype=float32),)"
"(array([0.22251025, 0.32917777, 0.11689076, 0.23164545, 0.27961442],
      dtype=float32),)"
"(array([0.99750924, 0.8581297 , 0.2857666 , 0.9970193 , 0.5002015 ],
      dtype=float32),)"
"(array([0.99995995, 0.9489979 , 0.02094966, 0.9999801 , 0.88744384],
      dtype=float32),)"
"(array([0.22401401, 0.11912486, 0.1471505 , 0.14544356, 0.1050696 ],
      dtype=float32),)"
"(array([0.9546964 , 0.6735427 , 0.93770736, 0.9563362 , 0.83886945],
      dtype=float32),)"
"(array([0.9998659 , 0.91499823, 0.01334849, 0.9999007 , 0.8724713 ],
      dtype=float32),)"
"(array([0.77815366, 0.7132086 , 0.71679705, 0.7841956 , 0.28960472],
      dtype=float32),)"
"(array([0.99929893, 0.97595745, 0.01952478, 0.99871993, 0.9505229 ],
      dtype=float32),)"
"(array([0.9890323 , 0.2767951 , 0.83314186, 0.9886565 , 0.6814915 ],
      dtype=float32),)"
"(array([0.93020695, 0.82950467, 0.8689992 , 0.9023717 , 0.26722327],
      dtype=float32),)"
"(array([0.68489426, 0.55289376, 0.7071623 , 0.55398804, 0.30317682],
      dtype=float32),)"
"(array([0.89116997, 0.8819239 , 0.00471487, 0.8826137 , 0.31869435],
      dtype=float32),)"
"(array([0.29124242, 0.08964077, 0.20809914, 0.20810299, 0.06126925],
      dtype=float32),)"
"(array([0.15389973, 0.45777345, 0.00148584, 0.11365815, 0.22268212],
      dtype=float32),)"
"(array([0.9758918 , 0.361735  , 0.71887964, 0.9669241 , 0.7026988 ],
      dtype=float32),)"
"(array([0.99581724, 0.6774226 , 0.98939383, 0.99682367, 0.7381152 ],
      dtype=float32),)"
"(array([0.99840635, 0.9881132 , 0.0071909 , 0.99906677, 0.5688386 ],
      dtype=float32),)"
"(array([0.9899804 , 0.89776313, 0.03226423, 0.9925581 , 0.7840027 ],
      dtype=float32),)"
"(array([0.9373546 , 0.9210434 , 0.00430843, 0.9254786 , 0.40344498],
      dtype=float32),)"
"(array([0.8803283 , 0.31492698, 0.36098573, 0.8686503 , 0.6440055 ],
      dtype=float32),)"
"(array([0.9686613 , 0.947192  , 0.06257663, 0.9466149 , 0.69680387],
      dtype=float32),)"
"(array([0.97253317, 0.64405125, 0.70138675, 0.9668923 , 0.47339848],
      dtype=float32),)"
"(array([0.9769582 , 0.23652804, 0.9153808 , 0.962209  , 0.58591235],
      dtype=float32),)"
"(array([0.9748249 , 0.35689795, 0.78783184, 0.9731929 , 0.77824265],
      dtype=float32),)"
"(array([0.98992133, 0.9157732 , 0.95941776, 0.98697263, 0.8059341 ],
      dtype=float32),)"
"(array([0.9842194 , 0.3438511 , 0.61797035, 0.98232186, 0.68625367],
      dtype=float32),)"
"(array([0.99969697, 0.9071041 , 0.15436508, 0.99981815, 0.5076764 ],
      dtype=float32),)"
"(array([0.9715086 , 0.8555135 , 0.838033  , 0.96241355, 0.36855915],
      dtype=float32),)"
"(array([0.99617285, 0.30308565, 0.9031619 , 0.99760735, 0.5530931 ],
      dtype=float32),)"
"(array([0.9942983 , 0.6868248 , 0.91620237, 0.9953549 , 0.4297432 ],
      dtype=float32),)"
"(array([0.97647345, 0.3173438 , 0.57350343, 0.9732999 , 0.64227843],
      dtype=float32),)"
"(array([0.9913982 , 0.92569494, 0.45519537, 0.98559695, 0.37635744],
      dtype=float32),)"
"(array([0.9717406, 0.2511616, 0.9192973, 0.9473891, 0.5400305],
      dtype=float32),)"
"(array([0.99085414, 0.96104014, 0.01143132, 0.98803097, 0.6681926 ],
      dtype=float32),)"
"(array([0.9904012 , 0.3872225 , 0.9638293 , 0.9945142 , 0.24361597],
      dtype=float32),)"
"(array([0.98914766, 0.9135648 , 0.89020646, 0.9902074 , 0.56485844],
      dtype=float32),)"
"(array([0.82315046, 0.67842543, 0.01481375, 0.83977205, 0.5349517 ],
      dtype=float32),)"
"(array([0.93249124, 0.43701288, 0.8619156 , 0.92626137, 0.21495049],
      dtype=float32),)"
"(array([0.9518802 , 0.9249524 , 0.01519997, 0.93851936, 0.5761911 ],
      dtype=float32),)"
"(array([0.9998385 , 0.9787971 , 0.03219119, 0.99974316, 0.39541644],
      dtype=float32),)"
"(array([0.9998865 , 0.9012714 , 0.46363297, 0.99994373, 0.56885624],
      dtype=float32),)"
"(array([0.96054924, 0.8795174 , 0.03971186, 0.9599138 , 0.7803502 ],
      dtype=float32),)"
"(array([0.9999962 , 0.87132514, 0.4119787 , 0.9999981 , 0.10119104],
      dtype=float32),)"
"(array([0.9588853 , 0.7651452 , 0.15374355, 0.894869  , 0.65635633],
      dtype=float32),)"
"(array([0.9985997 , 0.83481663, 0.9865867 , 0.9986327 , 0.84678316],
      dtype=float32),)"
"(array([0.9986539 , 0.74451846, 0.02808282, 0.99904305, 0.92321646],
      dtype=float32),)"
"(array([0.97702104, 0.30603787, 0.6092724 , 0.97748077, 0.6646043 ],
      dtype=float32),)"
"(array([0.47744524, 0.4953822 , 0.4703237 , 0.42006004, 0.30104354],
      dtype=float32),)"
"(array([0.99894947, 0.4358098 , 0.94355196, 0.999206  , 0.8596827 ],
      dtype=float32),)"
"(array([0.9999982, 0.8555776, 0.9386755, 0.9999987, 0.8194375],
      dtype=float32),)"
"(array([0.99502337, 0.8492094 , 0.04654789, 0.99497414, 0.8881015 ],
      dtype=float32),)"
"(array([0.98439807, 0.2447738 , 0.5186459 , 0.9682819 , 0.53404844],
      dtype=float32),)"
"(array([0.3808083 , 0.40873563, 0.00468916, 0.35584822, 0.30592802],
      dtype=float32),)"
"(array([0.99425334, 0.25463533, 0.98294985, 0.99073493, 0.71114707],
      dtype=float32),)"
"(array([0.97032744, 0.50590146, 0.39730367, 0.9688959 , 0.7170183 ],
      dtype=float32),)"
"(array([0.9755857 , 0.77358323, 0.9076458 , 0.9714248 , 0.76581085],
      dtype=float32),)"
"(array([0.9932286 , 0.9733333 , 0.99762076, 0.9949432 , 0.8895289 ],
      dtype=float32),)"
"(array([0.97610825, 0.2553131 , 0.8975316 , 0.95798326, 0.5355188 ],
      dtype=float32),)"
"(array([0.9993783 , 0.94822615, 0.00236387, 0.9995004 , 0.69889575],
      dtype=float32),)"
"(array([0.9971384 , 0.3383392 , 0.09652296, 0.9973719 , 0.31018502],
      dtype=float32),)"
"(array([0.97568184, 0.8225956 , 0.05134017, 0.9634858 , 0.4872497 ],
      dtype=float32),)"
"(array([0.998904  , 0.87574977, 0.16217913, 0.9977545 , 0.6331921 ],
      dtype=float32),)"
"(array([0.99212587, 0.9523918 , 0.14686477, 0.9903528 , 0.7267335 ],
      dtype=float32),)"
"(array([0.20258567, 0.05867146, 0.08056541, 0.12481494, 0.05200417],
      dtype=float32),)"
"(array([0.9476853 , 0.94227767, 0.00275505, 0.92585045, 0.3607463 ],
      dtype=float32),)"
"(array([0.9550604 , 0.28045174, 0.8190245 , 0.9239583 , 0.44228205],
      dtype=float32),)"
"(array([0.27506515, 0.36952826, 0.1179852 , 0.2743639 , 0.33346236],
      dtype=float32),)"
"(array([0.92708224, 0.84368753, 0.02416609, 0.92500913, 0.6791326 ],
      dtype=float32),)"
"(array([0.9449798 , 0.47219542, 0.8326283 , 0.9392601 , 0.2741466 ],
      dtype=float32),)"
"(array([0.20448357, 0.5602519 , 0.26095676, 0.20112297, 0.21925178],
      dtype=float32),)"
"(array([9.4422638e-01, 8.7273079e-01, 2.1436976e-04, 8.8480967e-01,
       3.5954040e-01], dtype=float32),)"
"(array([0.92652303, 0.37121803, 0.6829499 , 0.8884278 , 0.2374221 ],
      dtype=float32),)"
"(array([0.9518802, 0.3178767, 0.7961354, 0.9158757, 0.5111614],
      dtype=float32),)"
"(array([0.96387833, 0.9156433 , 0.03580101, 0.9539743 , 0.701991  ],
      dtype=float32),)"
"(array([0.38333175, 0.05291572, 0.40229923, 0.28965902, 0.13274388],
      dtype=float32),)"
"(array([0.9985032 , 0.32113093, 0.9843687 , 0.9986143 , 0.8611665 ],
      dtype=float32),)"
"(array([0.999052  , 0.28779617, 0.9415534 , 0.9993999 , 0.5877898 ],
      dtype=float32),)"
"(array([0.96653193, 0.29536018, 0.8844138 , 0.94151515, 0.5493369 ],
      dtype=float32),)"
"(array([0.99993944, 0.9184393 , 0.02052143, 0.99997056, 0.8403733 ],
      dtype=float32),)"
"(array([0.9998771 , 0.95260507, 0.13182534, 0.9998023 , 0.8439978 ],
      dtype=float32),)"
"(array([0.9999937 , 0.85832345, 0.4797231 , 0.9999956 , 0.14489368],
      dtype=float32),)"
"(array([0.8872234 , 0.8805843 , 0.00468532, 0.89049894, 0.27605256],
      dtype=float32),)"
"(array([0.26456618, 0.3569347 , 0.00799469, 0.24750145, 0.26846588],
      dtype=float32),)"
"(array([9.3350118e-01, 8.8684869e-01, 2.0638329e-04, 8.5627073e-01,
       3.6682978e-01], dtype=float32),)"
